-- phpMyAdmin SQL Dump
-- version 4.6.6
-- https://www.phpmyadmin.net/
--
-- Host: 127.0.0.1:54936
-- Generation Time: Nov 06, 2017 at 11:42 PM
-- Server version: 5.7.9
-- PHP Version: 5.6.31

SET SQL_MODE = "NO_AUTO_VALUE_ON_ZERO";
SET time_zone = "+00:00";


/*!40101 SET @OLD_CHARACTER_SET_CLIENT=@@CHARACTER_SET_CLIENT */;
/*!40101 SET @OLD_CHARACTER_SET_RESULTS=@@CHARACTER_SET_RESULTS */;
/*!40101 SET @OLD_COLLATION_CONNECTION=@@COLLATION_CONNECTION */;
/*!40101 SET NAMES utf8mb4 */;

--
-- Database: `localdb`
--

-- --------------------------------------------------------

--
-- Table structure for table `assignments`
--

CREATE TABLE `assignments` (
  `Course_ID` varchar(6) NOT NULL,
  `Assignment_No` int(11) NOT NULL,
  `Question` varchar(2000) NOT NULL,
  `Due_Date` varchar(10) NOT NULL
) ENGINE=InnoDB DEFAULT CHARSET=latin1;

--
-- Dumping data for table `assignments`
--

INSERT INTO `assignments` (`Course_ID`, `Assignment_No`, `Question`, `Due_Date`) VALUES
('CID001', 1, 'afsf', '01/05/2018'),
('CID001', 2, 'asdasfdfs', '10/10/2011'),
('CID001', 3, 'Haha', '26/10/2017'),
('CID001', 4, 'SE Project', '17/10/2017');

-- --------------------------------------------------------

--
-- Table structure for table `course`
--

CREATE TABLE `course` (
  `Course_ID` varchar(6) NOT NULL,
  `Course_Code` varchar(9) NOT NULL,
  `Faculty_ID` varchar(12) NOT NULL,
  `Name` varchar(50) NOT NULL,
  `Department_ID` varchar(5) NOT NULL,
  `Credits` int(11) NOT NULL
) ENGINE=InnoDB DEFAULT CHARSET=latin1;

--
-- Dumping data for table `course`
--

INSERT INTO `course` (`Course_ID`, `Course_Code`, `Faculty_ID`, `Name`, `Department_ID`, `Credits`) VALUES
('CID001', 'UE101', 'FAC001', 'DBMS', 'DEP01', 1),
('CID002', 'UE102', 'FAC002', 'BASIC ELECTRONICS', 'DEP02', 2),
('CID003', 'UE103', 'FAC003', 'ELECTRIC CIRCUIT ANALYSIS', 'DEP03', 3),
('CID004', 'UE104', 'FAC004', 'METAL CASTING AND WELDING', 'DEP04', 4),
('CID005', 'UE105', 'FAC005', 'NANO TECHNOLOGY', 'DEP05', 5),
('CID006', 'UE106', 'FAC006', 'MANAGEMENT ACCOUNTING', 'DEP06', 6),
('CID007', 'UE101', 'FAC007', 'TOC', 'DEP01', 1),
('CID008', 'UE102', 'FAC008', 'DIGITAL CIRCUITS', 'DEP02', 2),
('CID009', 'UE103', 'FAC009', 'ELECTRIC CIRCUIT THEORY', 'DEP03', 3),
('CID010', 'UE102', 'FAC010', 'DIGITAL CIRCUITS', 'DEP02', 2),
('CID011', 'UE105', 'FAC011', 'GENERIC AND MOLECULAR BIOLOGY', 'DEP05', 5),
('CID012', 'UE106', 'FAC012', 'PRODUCTION MANAGEMENT', 'DEP06', 6),
('CID013', 'UE101', 'FAC013', 'MPCA', 'DEP01', 1),
('CID014', 'UE103', 'FAC014', 'ELECTRONIC CIRCUITS', 'DEP03', 3),
('CID015', 'UE103', 'FAC015', 'ELECTRIC CIRCUIT THEORY', 'DEP03', 3),
('CID016', 'UE104', 'FAC016', 'METAL CASTING AND WELDING', 'DEP04', 4),
('CID017', 'UE105', 'FAC017', 'GENERIC AND MOLECULAR BIOLOGY', 'DEP05', 5),
('CID018', 'UE106', 'FAC018', 'MANAGEMENT ACCOUNTING', 'DEP06', 6),
('CID019', 'UE101', 'FAC019', 'TOC', 'DEP01', 1),
('CID020', 'UE102', 'FAC020', 'BASIC ELECTRONICS', 'DEP02', 2),
('CID021', 'UE103', 'FAC021', 'ELECTRIC CIRCUIT THEORY', 'DEP03', 3),
('CID022', 'UE104', 'FAC022', 'METAL CASTING AND WELDING', 'DEP04', 4),
('CID023', 'UE105', 'FAC023', 'GENERIC AND MOLECULAR BIOLOGY', 'DEP05', 5),
('CID024', 'UE104', 'FAC024', 'METAL CASTING AND WELDING', 'DEP04', 4),
('CID025', 'UE104', 'FAC025', 'STRENGTH OF MATERIALS', 'DEP04', 4),
('CID026', 'UE102', 'FAC026', 'BASIC ELECTRONICS', 'DEP02', 2),
('CID027', 'UE103', 'FAC027', 'ELECTRONIC CIRCUITS', 'DEP03', 3),
('CID028', 'UE104', 'FAC028', 'STRENGTH OF MATERIALS', 'DEP04', 4),
('CID029', 'UE105', 'FAC029', 'GENERIC AND MOLECULAR BIOLOGY', 'DEP05', 5),
('CID030', 'UE106', 'FAC030', 'PRODUCTION MANAGEMENT', 'DEP06', 6),
('CID031', 'UE101', 'FAC031', 'ADBMS', 'DEP01', 1),
('CID032', 'UE102', 'FAC032', 'ANALOG CIRCUITS', 'DEP02', 2),
('CID033', 'UE103', 'FAC033', 'ELECTRONIC CIRCUITS', 'DEP03', 3),
('CID034', 'UE104', 'FAC034', 'STRENGTH OF MATERIALS', 'DEP04', 4),
('CID035', 'UE106', 'FAC035', 'PRODUCTION MANAGEMENT', 'DEP06', 6),
('CID036', 'UE106', 'FAC036', 'MANAGEMENT ACCOUNTING', 'DEP06', 6),
('CID037', 'UE101', 'FAC037', 'DS', 'DEP01', 1),
('CID038', 'UE102', 'FAC038', 'ANALOG CIRCUITS', 'DEP02', 2),
('CID039', 'UE103', 'FAC039', 'ELECTRONIC CIRCUITS', 'DEP03', 3),
('CID040', 'UE104', 'FAC040', 'STRENGTH OF MATERIALS', 'DEP04', 4),
('CID041', 'UE105', 'FAC041', 'GENERIC AND MOLECULAR BIOLOGY', 'DEP05', 5),
('CID042', 'UE106', 'FAC042', 'PRODUCTION MANAGEMENT', 'DEP06', 6),
('CID043', 'UE101', 'FAC043', 'WT', 'DEP01', 1),
('CID044', 'UE105', 'FAC044', 'NANO TECHNOLOGY', 'DEP05', 5),
('CID045', 'UE105', 'FAC045', 'MANAGEMENT ACCOUNTING', 'DEP05', 5),
('CID046', 'UE104', 'FAC046', 'METAL CASTING AND WELDING', 'DEP04', 4),
('CID047', 'UE105', 'FAC047', 'NANO TECHNOLOGY', 'DEP05', 5),
('CID048', 'UE106', 'FAC048', 'MANAGEMENT ACCOUNTING', 'DEP06', 6),
('CID049', 'UE101', 'FAC049', 'C++', 'DEP01', 1);

-- --------------------------------------------------------

--
-- Table structure for table `course_schedule`
--

CREATE TABLE `course_schedule` (
  `Course_ID` varchar(6) NOT NULL,
  `Room_No` varchar(10) NOT NULL,
  `Day_Of_Week` char(3) NOT NULL,
  `Start_Time` varchar(5) NOT NULL,
  `End_Time` varchar(5) NOT NULL
) ENGINE=InnoDB DEFAULT CHARSET=latin1;

--
-- Dumping data for table `course_schedule`
--

INSERT INTO `course_schedule` (`Course_ID`, `Room_No`, `Day_Of_Week`, `Start_Time`, `End_Time`) VALUES
('CID001', 'B101', 'MON', '8:15 ', '9:15 '),
('CID002', 'B102', 'MON', '9:15 ', '10:15'),
('CID003', 'B103', 'MON', '10:15', '11:15'),
('CID004', 'B104', 'MON', '11:15', '12:15'),
('CID005', 'B105', 'MON', '8:15 ', '9:15 '),
('CID006', 'B106', 'MON', '9:15 ', '10:15'),
('CID007', 'B107', 'MON', '10:15', '11:15'),
('CID008', 'B108', 'MON', '11:15', '12:15'),
('CID009', 'B109', 'MON', '8:15 ', '9:15 '),
('CID10', 'B110', 'MON', '9:15 ', '10:15'),
('CID11', 'B111', 'TUE', '10:15', '11:15'),
('CID12', 'B112', 'TUE', '11:15', '12:15'),
('CID13', 'B113', 'TUE', '8:15 ', '9:15 '),
('CID14', 'B114', 'TUE', '9:15 ', '10:15'),
('CID15', 'B115', 'TUE', '10:15', '11:15'),
('CID16', 'B116', 'TUE', '11:15', '12:15'),
('CID17', 'B117', 'TUE', '8:15 ', '9:15 '),
('CID18', 'B118', 'TUE', '9:15 ', '10:15'),
('CID19', 'B119', 'TUE', '10:15', '11:15'),
('CID20', 'B120', 'TUE', '11:15', '12:15'),
('CID21', 'B101', 'WED', '8:15 ', '9:15 '),
('CID22', 'B102', 'WED', '9:15 ', '10:15'),
('CID23', 'B103', 'WED', '10:15', '11:15'),
('CID24', 'B104', 'WED', '11:15', '12:15'),
('CID25', 'B105', 'WED', '8:15 ', '9:15 '),
('CID26', 'B106', 'WED', '9:15 ', '10:15'),
('CID27', 'B107', 'WED', '10:15', '11:15'),
('CID28', 'B108', 'WED', '11:15', '12:15'),
('CID29', 'B109', 'WED', '8:15 ', '9:15 '),
('CID30', 'B110', 'THU', '9:15 ', '10:15'),
('CID31', 'B111', 'THU', '10:15', '11:15'),
('CID32', 'B112', 'THU', '11:15', '12:15'),
('CID33', 'B113', 'THU', '8:15 ', '9:15 '),
('CID34', 'B114', 'THU', '9:15 ', '10:15'),
('CID35', 'B115', 'THU', '10:15', '11:15'),
('CID36', 'B116', 'THU', '11:15', '12:15'),
('CID37', 'B117', 'THU', '8:15 ', '9:15 '),
('CID38', 'B118', 'THU', '9:15 ', '10:15'),
('CID39', 'B119', 'THU', '10:15', '11:15'),
('CID40', 'B120', 'FRI', '11:15', '12:15'),
('CID41', 'B101', 'FRI', '8:15 ', '9:15 '),
('CID42', 'B102', 'FRI', '9:15 ', '10:15'),
('CID43', 'B103', 'FRI', '10:15', '11:15'),
('CID44', 'B104', 'FRI', '11:15', '12:15'),
('CID45', 'B105', 'FRI', '8:15 ', '9:15 '),
('CID46', 'B106', 'SAT', '9:15 ', '10:15'),
('CID47', 'B107', 'SAT', '10:15', '11:15'),
('CID48', 'B108', 'SAT', '11:15', '12:15'),
('CID49', 'B109', 'SAT', '8:15 ', '9:15 ');

-- --------------------------------------------------------

--
-- Table structure for table `department`
--

CREATE TABLE `department` (
  `Department_ID` varchar(5) NOT NULL,
  `Department_Name` varchar(50) NOT NULL,
  `HOD_Faculty_ID` varchar(12) NOT NULL
) ENGINE=InnoDB DEFAULT CHARSET=latin1;

--
-- Dumping data for table `department`
--

INSERT INTO `department` (`Department_ID`, `Department_Name`, `HOD_Faculty_ID`) VALUES
('DEP01', 'CSE', 'FAC001'),
('DEP02', 'ECE', 'FAC010'),
('DEP03', 'EEE', 'FAC015'),
('DEP04', 'MECH', 'FAC025'),
('DEP05', 'BIOTECH', 'FAC045'),
('DEP06', 'MBA', 'FAC035');

-- --------------------------------------------------------

--
-- Table structure for table `faculty`
--

CREATE TABLE `faculty` (
  `Faculty_ID` varchar(12) NOT NULL,
  `Name` varchar(50) NOT NULL,
  `Gender` char(1) NOT NULL,
  `DOB` char(10) NOT NULL,
  `Email` varchar(50) NOT NULL,
  `PhoneNo` varchar(10) NOT NULL,
  `Address` varchar(200) NOT NULL
) ENGINE=InnoDB DEFAULT CHARSET=latin1;

--
-- Dumping data for table `faculty`
--

INSERT INTO `faculty` (`Faculty_ID`, `Name`, `Gender`, `DOB`, `Email`, `PhoneNo`, `Address`) VALUES
('FAC001', 'NARESH BORANA', 'M', '08/08/1980', 'n_borana@hotmail.com', '9177678893', '43 Colorado Way'),
('FAC002', 'NARAYAN DASH', 'M', '07/08/1989', 'n_c_dash@yahoo.com', '9440803312', '17341 Kings Drive'),
('FAC003', 'Pradeep Chandra', 'M', '08/04/1998', 'n_c_pradeep@yahoo.com', '9985285868', '31982 Karstens Terrace'),
('FAC004', 'CAROL DESOUZA', 'F', '01/09/1980', 'n_cdesouza@yahoo.co.in', '9866716886', '25222 Pine View Way'),
('FAC005', 'chaitanya kumar', 'M', '26/10/1980', 'n_chaitu@yahoo.com', '9000817267', '17999 Westerfield Crossing'),
('FAC006', 'CHAKRADHARA NAM', 'M', '15/04/1980', 'n_chakradhara@yahoo.com', '9000086723', '8 Bartillon Park'),
('FAC007', 'CHAKRAVARTHI N', 'M', '21/11/1980', 'n_chakravarthi@rediffmail.com', '9160166010', '8555 Park Meadow Alley'),
('FAC008', 'NILANJANA CHAKR', 'F', '29/10/1998', 'n_chakravarty@yahoo.com', '9948722947', '3926 Marquette Plaza'),
('FAC009', 'Praveen Kumar', 'M', '24/05/1980', 'n_chander@yahoo.com', '9290242615', '998 Old Gate Point'),
('FAC010', 'navin chandra', 'M', '14/10/1980', 'n_chandra001@yahoo.com', '9490516178', '04 Holy Cross Circle'),
('FAC011', 'V NANDAKUMAR', 'M', '06/01/1989', 'n_chary@yahoo.com', '9951457689', '51322 Hazelcrest Alley'),
('FAC012', 'NARENDER CHAUHA', 'M', '03/01/1986', 'n_chauhan_81@yahoo.co.in', '9440166866', '0984 Norway Maple Terrace'),
('FAC013', 'NITIN CHAWANDE', 'M', '09/04/1980', 'n_chawande@hotmail.com', '9963043377', '6192 Mesta Alley'),
('FAC014', 'MEENAKSHI CHOKK', 'F', '07/06/1989', 'n_chokks@yahoo.com', '9666214380', '17 Acker Drive'),
('FAC015', 'NARENDRA COLLER', 'M', '18/05/1980', 'N_COLLERWALA@YAHOO.COM', '7032426094', '92 Talmadge Drive'),
('FAC016', 'nishant singh', 'M', '27/05/1989', 'N_company24@yahoo.co.in', '9849908480', '29 Paget Terrace'),
('FAC017', 'Neeraj Agarwal', 'M', '16/10/1980', 'n_d_agarwal@yahoo.com', '9866410277', '17 Glendale Street'),
('FAC018', 'neeraj dadhich', 'M', '26/07/1987', 'n_dadhich@rediffmail.com', '9948373779', '8 Rusk Drive'),
('FAC019', 'NARENDRA DAGGUB', 'M', '19/04/1998', 'n_daggubati@yahoo.com', '9989877652', '7 Acker Drive'),
('FAC020', 'N MOORTHY', 'M', '25/12/1998', 'n_dakshnamoorthy@yahoo.com', '9494574981', '132 Schiller Avenue'),
('FAC021', 'nishant dave', 'M', '12/08/1998', 'n_dave14@yahoo.com', '9849765441', '34 Colorado Crossing'),
('FAC022', 'debashish nayak', 'M', '04/11/1998', 'n_debashish@yahoo.co.in', '9849067909', '58 Tomscot Alley'),
('FAC023', 'Deepak Naik', 'M', '17/04/1989', 'n_deepak2003@yahoo.co.in', '9948027203', '5 Tennyson Center'),
('FAC024', 'DEEPAN PRABU', 'M', '25/12/1989', 'n_deepan_prabu@yahoo.com', '8886000883', '55 Fuller Hill'),
('FAC025', 'nandhagopal dev', 'M', '11/07/1980', 'n_devakumar@rediffmail.com', '9440464329', '43 Tennyson Hill'),
('FAC026', 'DHANA LAKSHMI', 'f', '09/07/1980', 'n_dhana_lakshmi@yahoo.co.in', '9440469224', '04 Farwell Junction'),
('FAC027', 'nagaraj dharwad', 'M', '26/01/1980', 'n_dharwadkar@rediffmail.com', '9505935006', '19978 Lawn Way'),
('FAC028', 'Diganta Nath', 'M', '10/10/1980', 'n_diganta@yahoo.in', '8500848797', '053 Shoshone Plaza'),
('FAC029', 'DINESH NARAYANA', 'M', '15/05/1987', 'n_dinesh_k@hotmail.com', '8897231246', '66 Columbus Center'),
('FAC030', 'NANDA HINDUPUR', 'M', '13/03/1989', 'n_eagle001@yahoo.com', '9440140568', '1 Northport Road'),
('FAC031', 'ebin nelson', 'M', '14/05/1980', 'n_ebin@yahoo.co.in', '9700964005', '798 Anthes Street'),
('FAC032', 'Edwin Raj', 'M', '05/06/1989', 'n_edwinraj@rediffmail.com', '9059731735', '80 Spaight Center'),
('FAC033', 'ELANGO NATARAJA', 'M', '27/02/1980', 'n_elangog2@yahoo.co.in', '9848462114', '8 Linden Parkway'),
('FAC034', 'narayanan empra', 'M', '01/08/1998', 'n_empranthiri@yahoo.com', '9490081633', '7 Esch Plaza'),
('FAC035', 'NAFEES EQUEBAL', 'M', '01/01/1989', 'n_equebal@rediffmail.com', '8978520405', '93 Warrior Street'),
('FAC036', 'nitya mandal', 'M', '20/09/1980', 'n_g_mandal@hotmail.com', '9550729289', '4 Pierstorff Plaza'),
('FAC037', 'niraj goenka', 'M', '05/04/1980', 'n_g4u@rediffmail.com', '7382888475', '4031 Miller Trail'),
('FAC038', 'Ganeshkumar Nal', 'M', '08/09/1980', 'n_ganesh_2002@yahoo.co.in', '9491347321', '06221 Sunfield Pass'),
('FAC039', 'GANESWAR NAYAK', 'M', '30/01/1987', 'n_ganesh66@yahoo.com', '9160314222', '5159 Bay Hill'),
('FAC040', 'GANGADHAR NARAH', 'M', '11/07/1980', 'n_gangadhar@yahoo.com', '9490108188', '218 Loftsgordon Way'),
('FAC041', 'Nageshbabu Gara', 'M', '12/07/1987', 'n_garapati@yahoo.co.uk', '9966702786', '8 Brown Avenue'),
('FAC042', 'Naresh Kumar', 'M', '05/07/1980', 'n_garg325@yahoo.co.in', '9440214482', '67950 Bobwhite Place'),
('FAC043', 'NAVNEET GAUR', 'M', '02/07/1998', 'n_gaur28@rediffmail.com', '9441446975', '38562 Quincy Lane'),
('FAC044', 'nadeem ghazi', 'M', '25/08/1989', 'n_ghazi1989@yahoo.com', '9959599552', '53 Moose Alley'),
('FAC045', 'Nemisha Ghia', 'F', '06/04/1986', 'n_ghia@yahoo.com', '9966718125', '2 Vahlen Plaza'),
('FAC046', 'Swati Navkar', 'F', '29/07/1998', 'n_gopal97@rediffmail.com', '9963266114', '88 Red Cloud Crossing'),
('FAC047', 'Gopalakrishnan', 'M', '11/08/1989', 'n_gopala@yahoo.com', '9550861556', '345 Kingsford Drive'),
('FAC048', 'GOPU NATARAJAN', 'M', '14/09/1998', 'n_gopu@yahoo.com', '8121589377', '91927 Esch Avenue'),
('FAC049', 'NAGARAJ GORKHA', 'M', '25/06/1998', 'n_gorkha@rediffmail.com', '9010385039', '4758 Lyons Center');

-- --------------------------------------------------------

--
-- Table structure for table `login`
--

CREATE TABLE `login` (
  `User_ID` varchar(12) NOT NULL,
  `Password` varchar(50) NOT NULL,
  `User_Type` char(1) NOT NULL
) ENGINE=InnoDB DEFAULT CHARSET=latin1;

--
-- Dumping data for table `login`
--

INSERT INTO `login` (`User_ID`, `Password`, `User_Type`) VALUES
('FAC001', 'FAC001', 'F'),
('FAC002', '3JNN6JG', 'F'),
('FAC003', '8sIloCGal', 'F'),
('FAC004', 'MI67S7JapVgz', 'F'),
('FAC005', '1PcNkpG4Wft', 'F'),
('FAC006', 'M7aAj9Ulb9', 'F'),
('FAC007', 'MdAo1P', 'F'),
('FAC008', 'xTFFUk', 'F'),
('FAC009', 'a1wcr1u8', 'F'),
('FAC010', 'DhjUqfrUAMN7', 'F'),
('FAC011', '6w1NzEQn5V', 'F'),
('FAC012', '1Db76S8Q', 'F'),
('FAC013', '2FMtfa5', 'F'),
('FAC014', 'gNmHEgBhJH', 'F'),
('FAC015', 'bHZNkPFkf', 'F'),
('FAC016', 'GhBBhaf', 'F'),
('FAC017', '7IGgib3na', 'F'),
('FAC018', '2PhnNi', 'F'),
('FAC019', 'W5aYyO33S', 'F'),
('FAC020', 'OLmXIjOMy', 'F'),
('FAC021', 'f9oiHB', 'F'),
('FAC022', 'CkbeZWfu4zKP', 'F'),
('FAC023', 'D6pWCxzf8', 'F'),
('FAC024', 'QJy8gqj', 'F'),
('FAC025', 'UqnkkK0', 'F'),
('FAC026', 'wdEaJukdL3', 'F'),
('FAC027', 'jTH1fNwS8c1a', 'F'),
('FAC028', 'ydK3pyc8WO', 'F'),
('FAC029', 'jdRjlot', 'F'),
('FAC030', 'mINIg3', 'F'),
('FAC031', 'U6j38McWJDG', 'F'),
('FAC032', 'phdUgWrvlkr', 'F'),
('FAC033', '0DWCJtIy9jpm', 'F'),
('FAC034', 'cOn0jJ0', 'F'),
('FAC035', 'gMBbUJ', 'F'),
('FAC036', 'czkZfAAuV', 'F'),
('FAC037', 'HyzFyRUfUPrY', 'F'),
('FAC038', 'J3MlbNLajh', 'F'),
('FAC039', 'nzqNuxuOrKR', 'F'),
('FAC040', 'MvBwf8TS', 'F'),
('FAC041', 'LEJnS7W6skk', 'F'),
('FAC042', 'oqAGWDS2BDwg', 'F'),
('FAC043', '9EdUnd1', 'F'),
('FAC044', 'EQtHJewAXLH', 'F'),
('FAC045', 'bcEawyaKrgtm', 'F'),
('FAC046', 'HasUprgVSiN', 'F'),
('FAC047', '1xrsc4', 'F'),
('FAC048', 'MmtBztu7zhh', 'F'),
('FAC049', 'mCuEifjfG8', 'F'),
('PES001', 'PES001', 'S'),
('PES002', 'dI24bH', 'S'),
('PES003', '93aEmYX7AM', 'S'),
('PES004', 'SomVMUR0o', 'S'),
('PES005', 'xNcSIMPOrnDg', 'S'),
('PES006', 'QY1TlfY', 'S'),
('PES007', 'MByT3z', 'S'),
('PES008', 'gwK62nYiNS5k', 'S'),
('PES009', 'ZeBHHC', 'S'),
('PES010', 'bWbW0lWM9wtq', 'S'),
('PES011', 'mEe4AO5j', 'S'),
('PES012', '73W2pCdtIZ', 'S'),
('PES013', 'ymmR10p9tOS', 'S'),
('PES014', 'oBI8lr9cZ', 'S'),
('PES015', 'BJJlNm6FlHS', 'S'),
('PES016', 'rl9DBO', 'S'),
('PES017', 'oIcMzNVIWmXG', 'S'),
('PES018', '1dBdzU8lN0lu', 'S'),
('PES019', 'llGfK00cY83', 'S'),
('PES020', 'waUd3n', 'S'),
('PES021', 'Fz6fGnCtjtW', 'S'),
('PES022', 'tKZii5Bzd', 'S'),
('PES023', '0UbZEEVK', 'S'),
('PES024', 'yKB1FQc52f', 'S'),
('PES025', 'QQpSZp', 'S'),
('PES026', 'yZL0TxXak', 'S'),
('PES027', 'Iao8vk94Cc', 'S'),
('PES028', 'unq9H9', 'S'),
('PES029', 'v4JQiFX7On', 'S'),
('PES030', 'awe7sX', 'S'),
('PES031', 'VywmSYjQyx', 'S'),
('PES032', 'LgctI79bLMD', 'S'),
('PES033', 'VtXO6B1z71bo', 'S'),
('PES034', 'fXOzXOC07', 'S'),
('PES035', 'aca9zMRPhaKy', 'S'),
('PES036', 'zVesS6dqiuq', 'S'),
('PES037', 'donDT0F2', 'S'),
('PES038', 'GfzShFSbP1H', 'S'),
('PES039', 'G0Gc6g2', 'S'),
('PES040', 'kuAEypDZv7Ey', 'S'),
('PES041', 'eRVqh3', 'S'),
('PES042', 'UNCIfdwhQyV', 'S'),
('PES043', 'j726aQypG', 'S'),
('PES044', 'HuIj7DD', 'S'),
('PES045', '3rS4cbj', 'S'),
('PES046', 'gHu4gJSArB5p', 'S'),
('PES047', 'QNWTZXsG8g4', 'S'),
('PES048', 'yoGWEmuh', 'S'),
('PES049', 'VqbJcmlu', 'S'),
('PES050', 'qbPvADzA', 'S'),
('PES051', 'i2qWdb79Xba', 'S'),
('PES052', '7TUKMKRV4i', 'S'),
('PES053', 'ysaVpkPKXbb', 'S'),
('PES054', '6Xok9yD', 'S'),
('PES055', '7pzzLsYm5', 'S'),
('PES056', 'LFgrvXNQ', 'S'),
('PES057', 'Me1ZWKZUg', 'S'),
('PES058', '88oB5zP', 'S'),
('PES059', 'rPXSwQItkq', 'S'),
('PES060', 'EoBmgt', 'S'),
('PES061', 'JTmiQigW', 'S'),
('PES062', '3F8TioJjhK7S', 'S'),
('PES063', 'Ocu25j5D', 'S'),
('PES064', '1oNLpcfM1', 'S'),
('PES065', 'W41pJ66', 'S'),
('PES066', '9fqu8fq', 'S'),
('PES067', 'jI2bGyU0UB', 'S'),
('PES068', 'RJZCZ5L3v', 'S'),
('PES069', 'Hpn3xo', 'S'),
('PES070', 'qPlgFp', 'S'),
('PES071', 'V7HclkFLA4', 'S'),
('PES072', 'eVIpX82wh', 'S'),
('PES073', 'llkLtVJgf', 'S'),
('PES074', 'poNwgSE3i5N', 'S'),
('PES075', 'HEJ630kQcht', 'S'),
('PES076', 'zpHjgQc', 'S'),
('PES077', '6txOwl2dgRKi', 'S'),
('PES078', 'ctwEpugQ9Y2', 'S'),
('PES079', 'C7LYrxj', 'S'),
('PES080', 'irfzw2pnN', 'S'),
('PES081', 'B23BqzET7U4', 'S'),
('PES082', 'fg76YUS3n', 'S'),
('PES083', 'eu2cWflfX', 'S'),
('PES084', 'cqghQi2', 'S'),
('PES085', '4pwmku', 'S'),
('PES086', 'g09mw8oP7', 'S'),
('PES087', '2w5RgHXc', 'S'),
('PES088', '9I9B7EXUQzX0', 'S'),
('PES089', 'EWEFlkw5qgp', 'S'),
('PES090', '6NfyRNAPs', 'S'),
('PES091', 'Cc5h4RuTv', 'S'),
('PES092', 'WepWni0uPf', 'S'),
('PES093', 'ng5NUsY1KDR', 'S'),
('PES094', 'N4rudzGlpd', 'S'),
('PES095', 'oP9WNT', 'S'),
('PES096', '4txACGU71N', 'S'),
('PES097', 'dFOnGu2na0hu', 'S'),
('PES098', 'OkTCKHmu', 'S'),
('PES099', 'ZkKSjpnOoj', 'S'),
('PES100', 'XodJwH6goao', 'S'),
('PES101', 'DGSMcTuIqCM', 'S'),
('PES102', 'IiKnej', 'S'),
('PES103', 'klmoz8', 'S'),
('PES104', 'Wuzc1yFlvnP', 'S'),
('PES105', 'FnxPnm', 'S'),
('PES106', 'pPC42ku28x', 'S'),
('PES107', 'g2EWjQ', 'S'),
('PES108', 'YsqWmFvI', 'S'),
('PES109', 'S9HTWbZHoDKB', 'S'),
('PES110', 'TJwknNZ7y', 'S'),
('PES111', 'iPgBke3Im1', 'S'),
('PES112', 'pfv6MiXcO', 'S'),
('PES113', 'Q9PODx', 'S'),
('PES114', '7vtarj0', 'S'),
('PES115', '3WsZpQKlm', 'S'),
('PES116', 'b5eWICR4J5', 'S'),
('PES117', 'gjhpmWg4E', 'S'),
('PES118', 'ZsTJRT', 'S'),
('PES119', '9OxOPbRrLT', 'S'),
('PES120', 'kqyeMWvHHG', 'S'),
('PES121', 'VSkrNELjtGL', 'S'),
('PES122', 'BcfpChgu3JQ', 'S'),
('PES123', 'c2kPCu', 'S'),
('PES124', 'vWUZ3Gw0c1', 'S'),
('PES125', 'fIg0kb1', 'S'),
('PES126', 'IS1RBE', 'S'),
('PES127', 'LV53zv9iXM', 'S'),
('PES128', 'Xj4j80MXNahr', 'S'),
('PES129', 'jHtcxr5enB', 'S'),
('PES130', 'AWhswVg', 'S'),
('PES131', 'GVZSOeO16I', 'S'),
('PES132', 'g9gPP7lIN', 'S'),
('PES133', '52huqEtN5wtd', 'S'),
('PES134', '0tqQRth2Fwn', 'S'),
('PES135', 'sz18RY4', 'S'),
('PES136', 'TosgDg', 'S'),
('PES137', 'mdqplG', 'S'),
('PES138', 'M6zTHGSMj', 'S'),
('PES139', 'fPb9LBA5', 'S'),
('PES140', 'kKJok8NpOE5', 'S'),
('PES141', 'HQFftwG', 'S'),
('PES142', 'Z60QnQ6', 'S'),
('PES143', '78Fp468a', 'S'),
('PES144', 'qvp3Ts', 'S'),
('PES145', 'McpMWpSku', 'S'),
('PES146', 'gVJxDXsYF4rv', 'S'),
('PES147', '7HJMc0', 'S'),
('PES148', 'XYQI3cv', 'S'),
('PES149', 'NSqtlkQTWV9Z', 'S'),
('PES150', 'XHNdWkDy', 'S'),
('PES151', 'tbkDAdEKyBGw', 'S'),
('PES152', 'oAco6JS5ett', 'S'),
('PES153', '7C9aujzK1', 'S'),
('PES154', 'SBpqq7', 'S'),
('PES155', 'ZOsyNSJ', 'S'),
('PES156', 'qDhC67', 'S'),
('PES157', 'Q7k4X1fsVu8w', 'S'),
('PES158', 'IT1Ruf9vI', 'S'),
('PES159', 'NDNNN4T', 'S'),
('PES160', '0JLUGiveR', 'S'),
('PES161', 'CaoIa90ikS', 'S'),
('PES162', 'XTFfK2l', 'S'),
('PES163', 'TjgktJyFf', 'S'),
('PES164', 'OsMEabUzC', 'S'),
('PES165', 'JpAYRGxk7', 'S'),
('PES166', 'LOFbd0', 'S'),
('PES167', 'cgFjnyOBWL', 'S'),
('PES168', 'OIML0VgI', 'S'),
('PES169', 'AzBdu1HC', 'S'),
('PES170', 'KpGgVY', 'S'),
('PES171', 'PES171', 'S'),
('PES172', '1JBxbJhBW', 'S'),
('PES173', 'iiJl7AclP5', 'S'),
('PES174', 'uP7h8qL0u9b', 'S'),
('PES175', 'ccIXD1zI5x', 'S'),
('PES176', 'iE6m61xyvZ', 'S'),
('PES177', 'SU4imaIdl', 'S'),
('PES178', '5dWU1l3fZma', 'S'),
('PES179', 'Rg0udN', 'S'),
('PES180', 'KDST1BAe3smu', 'S'),
('PES181', 'XdN7jXgg', 'S'),
('PES182', 'T3aOMs', 'S'),
('PES183', 'L8nrAI4dr', 'S'),
('PES184', 'LYVDNdtq', 'S'),
('PES185', 'AH8YFD', 'S'),
('PES186', 'nSmgmChXW', 'S'),
('PES187', '3QnFsMN6K', 'S'),
('PES188', 'z03r5ODP', 'S'),
('PES189', 'a5V6qFME6ZE', 'S'),
('PES190', 'mt84XPvWO', 'S'),
('PES191', 'tlPLTD', 'S'),
('PES192', 'lz5D68', 'S'),
('PES193', 'HvqNEVhx', 'S'),
('PES194', 'eVbQtzlQeE1', 'S'),
('PES195', 'byvgtaeif', 'S'),
('PES196', '4ytN7IiE', 'S'),
('PES197', 'Zup0sGB', 'S'),
('PES198', 'dtNHgmV', 'S'),
('PES199', 'fU8rzx7FSXD', 'S'),
('PES200', 'kVLgNfph', 'S'),
('PES201', 'wxY7Bvcc', 'S'),
('PES202', 'AEOLC4lcC', 'S'),
('PES203', 'J2QxBul2', 'S'),
('PES204', 'xIXAcWiikFE', 'S'),
('PES205', 'N4F6wIS', 'S'),
('PES206', 'vWhpCvC0', 'S'),
('PES207', 'hNeecx', 'S'),
('PES208', 'rnMm5CAGYN', 'S'),
('PES209', 'dW4ye2', 'S'),
('PES210', 'yStxVUkKr', 'S'),
('PES211', 'fjerT2EVB', 'S'),
('PES212', '9XMGcbx', 'S'),
('PES213', '8Tt5WNi0Cb5', 'S'),
('PES214', 'UlHkZLRbe', 'S'),
('PES215', 'Ii6i7UCdl', 'S'),
('PES216', 'pvntGFhljxRr', 'S'),
('PES217', 'mwZE9qlzj', 'S'),
('PES218', 'E5ln1afHvw', 'S'),
('PES219', 'UwRQkZhR93v7', 'S'),
('PES220', 'vW3NN4Yfx11', 'S'),
('PES221', '3YJxFrv', 'S'),
('PES222', 'fmRClc4', 'S'),
('PES223', 'Skvct285ft', 'S'),
('PES224', '8kjI4iLxiS', 'S'),
('PES225', 'Yrhm9Gyf', 'S'),
('PES226', 'vNWYZsz91', 'S'),
('PES227', 'zthRFuPFXbO', 'S'),
('PES228', 'JGU6I8Thb3Yd', 'S'),
('PES229', 'geyMRvAr', 'S'),
('PES230', 'yszJ65Kwt', 'S'),
('PES231', 'nt3yqJR', 'S'),
('PES232', 'K7lrxKU0', 'S'),
('PES233', 'qxRjE9c', 'S'),
('PES234', '323wJ1', 'S'),
('PES235', 'ZWgScddKmVB', 'S'),
('PES236', 'HbyvzJSsBC', 'S'),
('PES237', 'JVCRbE7PPjI', 'S'),
('PES238', 'pl0EMCOxi', 'S'),
('PES239', '9uQDKsi', 'S'),
('PES240', 'ieEcFC', 'S'),
('PES241', 'WH5HElpP', 'S'),
('PES242', '8eJsUtea9xXk', 'S'),
('PES243', '2Tkbhc7o', 'S'),
('PES244', '8b7DOxX', 'S'),
('PES245', 'cpH8KZ', 'S'),
('PES246', 'nXp0mzDCBAj', 'S'),
('PES247', 'ekwD5BnDgM', 'S'),
('PES248', 'LwPKvSI', 'S'),
('PES249', 'PkQ0jFwiWOjK', 'S'),
('PES250', 'XNumATtuqENt', 'S'),
('PES251', 'Vf6EMHi', 'S'),
('PES252', 'XghLZf', 'S'),
('PES253', '0PXIXmXZ', 'S'),
('PES254', 'tGYeKHCMJZ', 'S'),
('PES255', 'W8FOMSe5t', 'S'),
('PES256', 'Btdn3vubNLJK', 'S'),
('PES257', 'ZEgCjq', 'S'),
('PES258', '9mGxCH2XdY', 'S'),
('PES259', 'ugS182qnnR', 'S'),
('PES260', 'OssNOT', 'S'),
('PES261', '2KRXqACvCZ', 'S'),
('PES262', 'idsf3d3', 'S'),
('PES263', 'Egm6Dxf8TYOU', 'S'),
('PES264', 'E2JNEu', 'S'),
('PES265', '53uBn8qp', 'S'),
('PES266', '9sl8LyBn', 'S'),
('PES267', 'QWdrtqh', 'S'),
('PES268', 'datKtK8ee', 'S'),
('PES269', '0sxby1xPsyH', 'S'),
('PES270', 'J61drng3', 'S'),
('PES271', 'znp7s7S', 'S'),
('PES272', 'kUqo3Ci2q7', 'S'),
('PES273', 'OhaFEptC38C', 'S'),
('PES274', 'gdCvZkjax', 'S'),
('PES275', 'VJofrLNe', 'S'),
('PES276', 'jc3KgzT8A9j', 'S'),
('PES277', '2EtVUu1Apt4', 'S'),
('PES278', '6lnxYM8M', 'S'),
('PES279', 'iuqGDXr42q', 'S'),
('PES280', 'vJulBF8F', 'S'),
('PES281', 'ctlLSduFRFyk', 'S'),
('PES282', 'CofJfr', 'S'),
('PES283', 'a8oKIHUaY698', 'S'),
('PES284', 'D32btIbMEnFI', 'S'),
('PES285', 'bXRxV2Zi', 'S'),
('PES286', 'pEBWV7a4vC6w', 'S'),
('PES287', 'ScQrTIs', 'S'),
('PES288', 'hdTVSYhxGT', 'S'),
('PES289', 'YOLG2rY', 'S'),
('PES290', 'PO0UcVioJdtq', 'S'),
('PES291', 'sRLZIzW0Qe', 'S'),
('PES292', 'eWxVcWNyP7k', 'S'),
('PES293', 'EKihbVSpsBL', 'S'),
('PES294', 'jzFc3RdqQ', 'S'),
('PES295', 'LpoD8xiGRUrU', 'S'),
('PES296', '4Nepp8E', 'S'),
('PES297', 'tsT5dJDfh', 'S'),
('PES298', 'lbk4K48', 'S'),
('PES299', 'MoQbShm1KH5i', 'S'),
('PES300', 'ZGzob07dxBsM', 'S');

-- --------------------------------------------------------

--
-- Table structure for table `quiz`
--

CREATE TABLE `quiz` (
  `Course_ID` varchar(6) NOT NULL,
  `Quiz_Number` int(11) NOT NULL,
  `Question` varchar(2000) NOT NULL,
  `Option1` varchar(2000) NOT NULL,
  `Option2` varchar(2000) NOT NULL,
  `Option3` varchar(2000) NOT NULL,
  `Option4` varchar(2000) NOT NULL
) ENGINE=InnoDB DEFAULT CHARSET=latin1;

--
-- Dumping data for table `quiz`
--

INSERT INTO `quiz` (`Course_ID`, `Quiz_Number`, `Question`, `Option1`, `Option2`, `Option3`, `Option4`) VALUES
('CID001', 1, 'SE', '401', '402', '403', '404');

-- --------------------------------------------------------

--
-- Table structure for table `results`
--

CREATE TABLE `results` (
  `SRN` varchar(12) NOT NULL,
  `Course_Code` varchar(9) NOT NULL,
  `Grade` char(1) NOT NULL
) ENGINE=InnoDB DEFAULT CHARSET=latin1;

--
-- Dumping data for table `results`
--

INSERT INTO `results` (`SRN`, `Course_Code`, `Grade`) VALUES
('PES001', 'UE106', 'A'),
('PES002', 'UE103', 'C'),
('PES003', 'UE102', 'B'),
('PES004', 'UE104', 'F'),
('PES005', 'UE103', 'S'),
('PES006', 'UE106', 'D'),
('PES007', 'UE103', 'A'),
('PES008', 'UE103', 'B'),
('PES009', 'UE104', 'E'),
('PES010', 'UE103', 'D'),
('PES011', 'UE102', 'S'),
('PES012', 'UE105', 'F'),
('PES013', 'UE104', 'S'),
('PES014', 'UE105', 'C'),
('PES015', 'UE101', 'S'),
('PES016', 'UE105', 'A'),
('PES017', 'UE102', 'E'),
('PES018', 'UE104', 'F'),
('PES019', 'UE103', 'F'),
('PES020', 'UE105', 'A'),
('PES021', 'UE103', 'F'),
('PES022', 'UE105', 'C'),
('PES023', 'UE106', 'D'),
('PES024', 'UE103', 'E'),
('PES025', 'UE105', 'E'),
('PES026', 'UE102', 'D'),
('PES027', 'UE105', 'B'),
('PES028', 'UE106', 'S'),
('PES029', 'UE102', 'S'),
('PES030', 'UE101', 'C'),
('PES031', 'UE101', 'D'),
('PES032', 'UE102', 'S'),
('PES033', 'UE102', 'B'),
('PES034', 'UE103', 'C'),
('PES035', 'UE101', 'A'),
('PES036', 'UE103', 'F'),
('PES037', 'UE106', 'E'),
('PES038', 'UE104', 'C'),
('PES039', 'UE104', 'A'),
('PES040', 'UE101', 'D'),
('PES041', 'UE105', 'A'),
('PES042', 'UE105', 'B'),
('PES043', 'UE106', 'F'),
('PES044', 'UE101', 'B'),
('PES045', 'UE103', 'F'),
('PES046', 'UE103', 'C'),
('PES047', 'UE104', 'C'),
('PES048', 'UE106', 'A'),
('PES049', 'UE104', 'D'),
('PES050', 'UE105', 'C'),
('PES051', 'UE105', 'C'),
('PES052', 'UE103', 'D'),
('PES053', 'UE101', 'C'),
('PES054', 'UE101', 'A'),
('PES055', 'UE104', 'A'),
('PES056', 'UE102', 'C'),
('PES057', 'UE106', 'A'),
('PES058', 'UE105', 'E'),
('PES059', 'UE105', 'C'),
('PES060', 'UE103', 'D'),
('PES061', 'UE105', 'B'),
('PES062', 'UE105', 'F'),
('PES063', 'UE103', 'C'),
('PES064', 'UE106', 'E'),
('PES065', 'UE104', 'B'),
('PES066', 'UE102', 'A'),
('PES067', 'UE105', 'E'),
('PES068', 'UE103', 'E'),
('PES069', 'UE104', 'E'),
('PES070', 'UE102', 'E'),
('PES071', 'UE104', 'S'),
('PES072', 'UE101', 'B'),
('PES073', 'UE101', 'E'),
('PES074', 'UE104', 'C'),
('PES075', 'UE101', 'E'),
('PES076', 'UE104', 'B'),
('PES077', 'UE103', 'B'),
('PES078', 'UE106', 'F'),
('PES079', 'UE103', 'S'),
('PES080', 'UE104', 'A'),
('PES081', 'UE105', 'B'),
('PES082', 'UE104', 'C'),
('PES083', 'UE101', 'F'),
('PES084', 'UE101', 'D'),
('PES085', 'UE102', 'S'),
('PES086', 'UE103', 'A'),
('PES087', 'UE105', 'S'),
('PES088', 'UE105', 'B'),
('PES089', 'UE105', 'S'),
('PES090', 'UE105', 'E'),
('PES091', 'UE103', 'B'),
('PES092', 'UE102', 'F'),
('PES093', 'UE101', 'C'),
('PES094', 'UE103', 'F'),
('PES095', 'UE101', 'D'),
('PES096', 'UE106', 'S'),
('PES097', 'UE101', 'D'),
('PES098', 'UE105', 'E'),
('PES099', 'UE105', 'D'),
('PES100', 'UE103', 'D'),
('PES101', 'UE103', 'S'),
('PES102', 'UE105', 'S'),
('PES103', 'UE104', 'B'),
('PES104', 'UE106', 'E'),
('PES105', 'UE106', 'F'),
('PES106', 'UE104', 'B'),
('PES107', 'UE101', 'F'),
('PES108', 'UE103', 'A'),
('PES109', 'UE102', 'A'),
('PES110', 'UE105', 'E'),
('PES111', 'UE101', 'C'),
('PES112', 'UE104', 'D'),
('PES113', 'UE105', 'B'),
('PES114', 'UE102', 'E'),
('PES115', 'UE106', 'S'),
('PES116', 'UE106', 'A'),
('PES117', 'UE104', 'C'),
('PES118', 'UE106', 'A'),
('PES119', 'UE101', 'E'),
('PES120', 'UE104', 'S'),
('PES121', 'UE105', 'B'),
('PES122', 'UE105', 'B'),
('PES123', 'UE104', 'S'),
('PES124', 'UE106', 'E'),
('PES125', 'UE106', 'S'),
('PES126', 'UE103', 'A'),
('PES127', 'UE106', 'C'),
('PES128', 'UE101', 'B'),
('PES129', 'UE101', 'D'),
('PES130', 'UE106', 'D'),
('PES131', 'UE106', 'A'),
('PES132', 'UE102', 'S'),
('PES133', 'UE104', 'F'),
('PES134', 'UE105', 'E'),
('PES135', 'UE101', 'E'),
('PES136', 'UE105', 'D'),
('PES137', 'UE104', 'F'),
('PES138', 'UE105', 'E'),
('PES139', 'UE105', 'D'),
('PES140', 'UE102', 'S'),
('PES141', 'UE103', 'A'),
('PES142', 'UE101', 'A'),
('PES143', 'UE105', 'D'),
('PES144', 'UE103', 'D'),
('PES145', 'UE103', 'F'),
('PES146', 'UE104', 'E'),
('PES147', 'UE106', 'C'),
('PES148', 'UE101', 'D'),
('PES149', 'UE101', 'B'),
('PES150', 'UE105', 'F'),
('PES151', 'UE106', 'A'),
('PES152', 'UE103', 'E'),
('PES153', 'UE102', 'S'),
('PES154', 'UE105', 'F'),
('PES155', 'UE105', 'D'),
('PES156', 'UE103', 'C'),
('PES157', 'UE106', 'C'),
('PES158', 'UE101', 'F'),
('PES159', 'UE104', 'S'),
('PES160', 'UE101', 'S'),
('PES161', 'UE104', 'B'),
('PES162', 'UE102', 'D'),
('PES163', 'UE102', 'S'),
('PES164', 'UE102', 'B'),
('PES165', 'UE104', 'D'),
('PES166', 'UE105', 'C'),
('PES167', 'UE101', 'S'),
('PES168', 'UE101', 'D'),
('PES169', 'UE106', 'E'),
('PES170', 'UE105', 'B'),
('PES171', 'UE101', 'C'),
('PES172', 'UE105', 'S'),
('PES173', 'UE105', 'A'),
('PES174', 'UE104', 'A'),
('PES175', 'UE104', 'E'),
('PES176', 'UE103', 'B'),
('PES177', 'UE105', 'B'),
('PES178', 'UE106', 'D'),
('PES179', 'UE102', 'C'),
('PES180', 'UE103', 'B'),
('PES181', 'UE106', 'D'),
('PES182', 'UE104', 'A'),
('PES183', 'UE101', 'C'),
('PES184', 'UE104', 'C'),
('PES185', 'UE102', 'B'),
('PES186', 'UE106', 'A'),
('PES187', 'UE104', 'C'),
('PES188', 'UE105', 'F'),
('PES189', 'UE104', 'A'),
('PES190', 'UE106', 'B'),
('PES191', 'UE101', 'F'),
('PES192', 'UE102', 'B'),
('PES193', 'UE105', 'F'),
('PES194', 'UE106', 'D'),
('PES195', 'UE104', 'A'),
('PES196', 'UE102', 'C'),
('PES197', 'UE102', 'C'),
('PES198', 'UE106', 'F'),
('PES199', 'UE103', 'S'),
('PES200', 'UE101', 'B'),
('PES201', 'UE102', 'S'),
('PES202', 'UE105', 'F'),
('PES203', 'UE106', 'F'),
('PES204', 'UE101', 'D'),
('PES205', 'UE106', 'F'),
('PES206', 'UE103', 'F'),
('PES207', 'UE106', 'F'),
('PES208', 'UE102', 'D'),
('PES209', 'UE104', 'F'),
('PES210', 'UE103', 'D'),
('PES211', 'UE106', 'E'),
('PES212', 'UE101', 'C'),
('PES213', 'UE102', 'F'),
('PES214', 'UE101', 'A'),
('PES215', 'UE105', 'S'),
('PES216', 'UE106', 'E'),
('PES217', 'UE101', 'B'),
('PES218', 'UE106', 'C'),
('PES219', 'UE104', 'D'),
('PES220', 'UE105', 'E'),
('PES221', 'UE103', 'S'),
('PES222', 'UE101', 'E'),
('PES223', 'UE101', 'S'),
('PES224', 'UE102', 'E'),
('PES225', 'UE101', 'A'),
('PES226', 'UE101', 'E'),
('PES227', 'UE105', 'C'),
('PES228', 'UE106', 'A'),
('PES229', 'UE106', 'F'),
('PES230', 'UE102', 'S'),
('PES231', 'UE106', 'D'),
('PES232', 'UE105', 'E'),
('PES233', 'UE101', 'D'),
('PES234', 'UE102', 'C'),
('PES235', 'UE101', 'B'),
('PES236', 'UE105', 'D'),
('PES237', 'UE102', 'F'),
('PES238', 'UE106', 'E'),
('PES239', 'UE106', 'S'),
('PES240', 'UE106', 'D'),
('PES241', 'UE105', 'C'),
('PES242', 'UE101', 'B'),
('PES243', 'UE105', 'C'),
('PES244', 'UE104', 'B'),
('PES245', 'UE102', 'F'),
('PES246', 'UE103', 'F'),
('PES247', 'UE102', 'E'),
('PES248', 'UE101', 'A'),
('PES249', 'UE106', 'S'),
('PES250', 'UE104', 'E'),
('PES251', 'UE106', 'A'),
('PES252', 'UE103', 'E'),
('PES253', 'UE102', 'C'),
('PES254', 'UE103', 'F'),
('PES255', 'UE103', 'S'),
('PES256', 'UE106', 'S'),
('PES257', 'UE106', 'B'),
('PES258', 'UE101', 'F'),
('PES259', 'UE103', 'E'),
('PES260', 'UE104', 'S'),
('PES261', 'UE104', 'E'),
('PES262', 'UE104', 'B'),
('PES263', 'UE105', 'C'),
('PES264', 'UE106', 'B'),
('PES265', 'UE102', 'C'),
('PES266', 'UE102', 'A'),
('PES267', 'UE104', 'S'),
('PES268', 'UE103', 'B'),
('PES269', 'UE103', 'A'),
('PES270', 'UE104', 'D'),
('PES271', 'UE101', 'A'),
('PES272', 'UE102', 'A'),
('PES273', 'UE105', 'C'),
('PES274', 'UE104', 'D'),
('PES275', 'UE104', 'A'),
('PES276', 'UE101', 'A'),
('PES277', 'UE102', 'S'),
('PES278', 'UE104', 'F'),
('PES279', 'UE104', 'S'),
('PES280', 'UE106', 'B'),
('PES281', 'UE102', 'F'),
('PES282', 'UE103', 'A'),
('PES283', 'UE102', 'S'),
('PES284', 'UE103', 'B'),
('PES285', 'UE104', 'C'),
('PES286', 'UE104', 'F'),
('PES287', 'UE102', 'B'),
('PES288', 'UE101', 'D'),
('PES289', 'UE105', 'E'),
('PES290', 'UE104', 'E'),
('PES291', 'UE104', 'F'),
('PES292', 'UE104', 'D'),
('PES293', 'UE105', 'D'),
('PES294', 'UE103', 'B'),
('PES295', 'UE104', 'D'),
('PES296', 'UE102', 'S'),
('PES297', 'UE103', 'C'),
('PES298', 'UE103', 'A'),
('PES299', 'UE103', 'A'),
('PES300', 'UE104', 'E');

-- --------------------------------------------------------

--
-- Table structure for table `student`
--

CREATE TABLE `student` (
  `SRN` varchar(12) NOT NULL,
  `Name` varchar(50) NOT NULL,
  `Gender` char(1) NOT NULL,
  `DOB` char(10) NOT NULL,
  `Email` varchar(50) NOT NULL,
  `PhoneNo` varchar(10) NOT NULL,
  `Address` varchar(200) NOT NULL,
  `Semester` int(11) NOT NULL,
  `Section` char(1) NOT NULL
) ENGINE=InnoDB DEFAULT CHARSET=latin1;

--
-- Dumping data for table `student`
--

INSERT INTO `student` (`SRN`, `Name`, `Gender`, `DOB`, `Email`, `PhoneNo`, `Address`, `Semester`, `Section`) VALUES
('PES001', 'Abhishek Dubey', 'M', '01/04/1998', 'a.dubey@yahoo.co.in', '7771825952', '0 DEVLI KANAL DEVLI KALAN KHALWA KHALWA 450117 ', 1, 'A'),
('PES002', 'JEEVAN ARRA', 'M', '09/07/1999', 'a.jeevan@gmail.com', '7771827339', '00 SHUBHADRA NAGAR MANDLA MANDLA MANDLA 481661 ', 1, 'A'),
('PES003', 'PRABITH A', 'M', '10/16/1999', 'a.prabith@gmail.com', '7771434336', '209 GANDHI NAGAR AAGAR RAOD UJJAIN UJJAIN 456001 ', 1, 'B'),
('PES004', 'Prathibha Annam', 'f', '05/08/1997', 'a.prathibha@gmail.com', '7771838209', 'AGARIYA AGARIYA SIHORA SIHORA JABALPUR 483334 ', 1, 'A'),
('PES005', 'Shanmuga Sundar', 'M', '08/12/1998', 'a.shanmuga27@gmail.com', '7775441630', '37 PIPARIYA MOHGANV MEHANDWANI DINDORI 481672 ', 1, 'A'),
('PES006', 'arun chauhan', 'M', '05/11/1998', 'a_fun_masti@yahoo.com', '7776555418', '00 PONDILINGA PONDI LINGA MANDLA MANDLA 481661 ', 1, 'A'),
('PES007', 'Jaysree Annamal', 'f', '06/10/1999', 'a_jaysree@yahoo.com', '7771805470', '178 HOUSING BOARD MANDLA MANDLA MANDLA 481661 ', 1, 'A'),
('PES008', 'MANISH ANSINGKA', 'M', '02/05/1997', 'a_manish@yahoo.com', '7771807909', '55 BADERA CHANDERI CHANDERI ASHOKNAGAR 473446 ', 3, 'D'),
('PES009', 'Rama Krishna Re', 'M', '07/08/1998', 'a_rkreddy31@rediffmail.com', '7771812835', '35 HIRNACHAPER HIRNACHAPER NIWAS MANDLA 481885 ', 3, 'A'),
('PES010', 'Sandeep Ambati', 'M', '06/09/1999', 'a_sandy343@yahoo.co.in', '7771814759', 'GOVT H.S.S BHOOL LALARIYA BERASIA BHOPAL 463111 ', 3, 'C'),
('PES011', 'SIVA KUMAR', 'M', '11/17/2000', 'a_siva18@yahoo.com', '7771817685', '20 BISANKHEDI BISANKHEDI KALAPIPAL SHAJAPUR 465339 ', 1, 'D'),
('PES012', 'ANNEPU CHANDRAS', 'M', '06/17/2000', 'a_v_chandrasekhar@yahoo.co.in', '7771825952', '120 WARD NO. 03 SELOTPAR KHAIRLANJI BALAGHAT 481335 ', 1, 'D'),
('PES013', 'Karthik Arthapa', 'M', '06/24/1999', 'a_v_karthik@yahoo.co.in', '7771827239', '369 ASHOKA GARDEN BHOPAL PHANDA BHOPAL 462023 ', 3, 'D'),
('PES014', 'VYANKATESH KULK', 'M', '04/01/1999', 'a_vhk@rediffmail.com', '7771830336', '12 BADERA CHANDERI CHANDERI ASHOKNAGAR 473446 ', 3, 'D'),
('PES015', 'ABHAS BAJPAI', 'M', '10/03/1997', 'aabhas.bajpai@gmail.com', '7771838209', '123 INDIRA GANDHI WARD MULTAI MULTAI BETUL 460661 ', 5, 'D'),
('PES016', 'laxminarayana a', 'M', '06/30/1999', 'aadepu@msn.com', '7771841630', '35 KATHOTIYA GADARWARA SAIKHEDA NARSINGHPUR ', 3, 'D'),
('PES017', 'aadi jain', 'M', '03/22/1999', 'aadi.jain@tcs.com', '7771855418', '58 VILL DARBARI TOLA DARBRI TOLA KEOLARI SEONI 480996 ', 3, 'D'),
('PES018', 'aakash yadav', 'M', '04/13/1996', 'aak_17yad@yahoo.co.in', '7771856090', '- SUBHASH NAGAR VIDISHA VIDISHA VIDISHA 464001 ', 3, 'D'),
('PES019', 'AAKASH SHAH', 'M', '10/03/1996', 'aakashrshah@rediffmail.com', '7771856832', '00 CHHAPARKHANDA RANAPUR RANAPUR JHABUA 457993 ', 7, 'A'),
('PES020', 'aakash kumar', 'M', '11/25/1997', 'aakashzy@gmail.com', '7771857713', 'EXCELLENCE BHOOL BIRSA BIRSA BIRSA BALAGHAT 481051 ', 7, 'D'),
('PES021', 'Chaitali Biswas', 'F', '05/01/2000', 'aaleya15@yahoo.com', '7771857961', '00 BHAUKHEDI ICHHAWAR ICHHAWAR SEHORE 466115 ', 3, 'D'),
('PES022', 'AALIYA ZARRIN', 'F', '06/07/2000', 'aaliya.zarrin@gmail.com', '7771863323', '145 BHOOL MOHALLA BHADIYA NAINPUR MANDLA 481771 ', 3, 'A'),
('PES023', 'AAMIR TAUQEER', 'M', '06/10/2000', 'aamironnet@gmail.com', '7771864124', 'WARD NO 03 KOPE WARASEONI WARASEONI BALAGHAT 481331 ', 1, 'D'),
('PES024', 'aanchal trivedi', 'f', '10/12/1996', 'aanchaltri@gmail.com', '7771866413', '00 GOVT. GIRLS H S BHOOL PATHARI KURWAI VIDISHA 464337 ', 7, 'D'),
('PES025', 'anjaneyulu k', 'M', '03/04/2000', 'aanji009@yahoo.co.in', '7771869442', '247 GANESH NAGAR KHAJRANA INDORE INDORE 452001 ', 3, 'B'),
('PES026', 'aarthi srivaths', 'F', '06/13/1997', 'aarthi.s@polaris.co.in', '7771873496', '65 KHARGAPUR KHARGAPUR BALDEVGARH TIKAMGARH 472115 ', 5, 'D'),
('PES027', 'Aarti Gupta', 'f', '06/03/2000', 'aartig@gmail.com', '7771875433', '00 PUNJABI BAGH SABALGARH SABALGARH MORENA 476229 ', 1, 'D'),
('PES028', 'ARUN SARASWAT', 'M', '05/20/2000', 'aarun_kumar12@yahoo.co.in', '7771876659', '96 CHOUNDAPURA CHOUNDAPURA RAJGARH RAJGARH 465687 ', 3, 'D'),
('PES029', 'ARUN PRABHAKAR', 'M', '11/22/1997', 'aarunprabhakar@gmail.com', '7771882486', '00 GOVT. GIRLS H S BHOOL PATHARI KURWAI VIDISHA 464337 ', 5, 'D'),
('PES030', 'arun kumar gund', 'M', '07/06/1999', 'aarvraj@gmail.com', '7771884318', '129 JARASURANG RAITWAR KARANJIYA DINDORI 481884 ', 3, 'A'),
('PES031', 'ASHISH KUMAR', 'M', '06/02/1998', 'aashish.dx@gmail.com', '7771884926', '95 GRAM PIPLIYA GHATA GAROTH MANDSAUR 458880 ', 3, 'D'),
('PES032', 'ASHA SHRIDHAR', 'F', '07/09/1999', 'aashris@yahoo.co.in', '9111862174', '68 KAKRUA RAI KAKRUA RAI SHADORA ASHOKNAGAR 473331 ', 3, 'D'),
('PES033', 'Aathira Raveend', 'F', '04/09/1999', 'aathu_aathu@yahoo.com', '9111865967', '00 KHERIDEVTA KHERIDEVTA SEONDHA DATIA 475675 ', 3, 'B'),
('PES034', 'PINKY VERMA', 'f', '06/18/1994', 'ab.pinky.verma@gmail.com', '9111866449', 'BEESANPURA BEESANPURA BEESANPURA LAHAR BHIND 477447 ', 7, 'D'),
('PES035', 'GIRIDHAR A', 'M', '05/05/2000', 'abbaraju2000@gmail.com', '9111866842', '10 GOVT GIRL HS BHOOL ANJAD THIKRI BARWANI 451556 ', 7, 'C'),
('PES036', 'GIRIDHAR A', 'M', '12/15/1998', 'abbaraju2000@yahoo.com', '9111877199', 'WARD NO ADAWAN ADAWAN SHAHGARH SAGAR 470335 ', 3, 'B'),
('PES037', 'Raziul Abbasi', 'M', '03/06/2000', 'abbasirh@gmail.com', '9111877241', 'WARD NO BAGROHI BAGROHI SHAHGARH SAGAR 470339 ', 3, 'D'),
('PES038', 'shivajee shivaj', 'M', '05/02/1998', 'abc.shivajee@gmail.com', '9111877264', '78 KHAIRUA IMJHIRA CHAWARPATHA NARSINGHPUR 487337 ', 3, 'B'),
('PES039', 'SEA BREEZE', 'M', '03/06/2000', 'abcxyz1887@gmail.com', '9111879756', '00 RANIPURA RANIPURA TIKAMGARH TIKAMGARH 472111 ', 3, 'D'),
('PES040', 'abdul sajid', 'M', '07/15/1999', 'abd_sajeed@yahoo.co.in', '9111885318', '0 BANGANGA BHAGWANPURA KHARGONE KHARGONE 451441 ', 1, 'A'),
('PES041', 'abdulla mohamed', 'M', '11/10/1999', 'abdu1981@rediffmail.com', '9111889035', '00 KORGALA KORGALA CHHAIGON MAKHAN KHANDWA 450771 ', 1, 'D'),
('PES042', 'Abdul Aziz Khan', 'M', '05/04/1997', 'abdul.satellite@gmail.com', '9111890562', '785 DHODWADA DHODWADA KHANDWA KHANDWA 450001 ', 5, 'B'),
('PES043', 'ABDUL RAHMAN', 'M', '07/19/1999', 'abdul_foru@yahoo.co.in', '9111890609', '00 PURANPURA SINGOT PANDHANA KHANDWA 450881 ', 1, 'D'),
('PES044', 'abdul jabbar', 'M', '02/25/1999', 'abdul2007_jabbar@yahoo.co.in', '9111896203', '00 PIPLIYA TUKHAR PIPLIYA TUKHAR ALOT RATLAM 457119 ', 3, 'C'),
('PES045', 'abdul karim', 'M', '03/16/1998', 'abdullahmail2010@rediffmail.com', '9111904482', '0 DEVLI KANAL DEVLI KALAN KHALWA KHALWA 450117 ', 1, 'A'),
('PES046', 'ABDUL RAHIM SHA', 'M', '05/04/1999', 'abdulrahim408@gmail.com', '9111910548', '00 SHUBHADRA NAGAR MANDLA MANDLA MANDLA 481661 ', 3, 'A'),
('PES047', 'Abdul Rahman', 'M', '12/25/1999', 'abdulrahman8884@gmail.com', '9111911821', '209 GANDHI NAGAR AAGAR RAOD UJJAIN UJJAIN 456001 ', 3, 'D'),
('PES048', 'abdul sattar', 'M', '06/25/1998', 'abdulsattar3074@yahoo.com', '9111912150', 'AGARIYA AGARIYA SIHORA SIHORA JABALPUR 483334 ', 3, 'D'),
('PES049', 'abdur rahim', 'M', '08/12/1996', 'abdur_gcect@yahoo.com', '9111913136', '37 PIPARIYA MOHGANV MEHANDWANI DINDORI 481672 ', 3, 'A'),
('PES050', 'ABDUS SHAMEEM', 'M', '07/15/1998', 'abdus@vsnl.com', '9111913261', '00 PONDILINGA PONDI LINGA MANDLA MANDLA 481661 ', 3, 'A'),
('PES051', 'abeer bharti', 'M', '02/19/2000', 'abeer_saxena2000@yahoo.com', '9111913286', '178 HOUSING BOARD MANDLA MANDLA MANDLA 481661 ', 1, 'D'),
('PES052', 'murugappan g', 'M', '04/29/1998', 'abelash_3_teen@yahoo.co.in', '9111913290', '00 KANHERGAON KANHERGAON NAINPUR MANDLA 481668 ', 3, 'D'),
('PES053', 'ABHAS SUREKA', 'M', '10/29/1997', 'abhassureka@rediffmail.com', '9111914214', '12 KUDARI UMARIA JABALPUR JABALPUR JABALPUR 483001 ', 7, 'D'),
('PES054', 'abhay joshi', 'M', '03/07/2000', 'abhay.joshi@tcs.com', '9111914253', '40 MAHOLI VILLAGE MAHOLI BERASIYA BHOPAL 462101 ', 1, 'B'),
('PES055', 'ABHAY KUMAR', 'M', '11/06/1995', 'abhay_0852@yahoo.co.in', '9111915154', '00 JHIRIYATOLA JHIRIYATOLA NAINPUR MANDLA 481668 ', 7, 'A'),
('PES056', 'abhay singh', 'M', '12/01/1998', 'abhay_ismd@yahoo.com', '9111915419', '98 PAHAD PUR PAHAD PUR GHORADONGRI BETUL 460440 ', 3, 'C'),
('PES057', 'abhay kumar', 'M', '03/16/1997', 'abhay_nit86@yahoo.com', '9111916872', 'MOHGAON KHAMI BARGHAT BARGHAT SEONI 480667 ', 3, 'D'),
('PES058', 'Abhay Vaidya', 'M', '01/06/2000', 'abhay1982@gmail.com', '9111921151', '0123 VILL KOLAR PO KATHAR MANPUR UMARIA 484665 ', 3, 'A'),
('PES059', 'Abhay Singh', 'M', '12/01/1999', 'abhay8176@rediffmail.com', '9111921607', '15 MEHRA PIPARIYA MEHRA PIPARIYA SEONI SEONI 480990 ', 1, 'D'),
('PES060', 'ABHAYA PRAKASH', 'M', '09/16/1998', 'abhayaprakash31@gmail.com', '9111922003', '00 CHANDRANI POA JADASURANG SAMNAPUR DINDORI 481778 ', 1, 'A'),
('PES061', 'white dog', 'M', '06/10/1997', 'abhayawtar83@gmail.com', '9111924895', '33 KOLHIYA KOLHIYA GHORADONGRI BETUL 460440 ', 7, 'C'),
('PES062', 'Abhay Asati', 'M', '05/06/1999', 'abhayrajasati@gmail.com', '9111925798', '01 AMAHA VASUDEV HANUMANA HANUAMNA REWA 486335 ', 3, 'B'),
('PES063', 'abhay soni', 'M', '09/09/1998', 'abhaysoni@hotmail.com', '9111929360', '00 AUTA JAISINGHNAGAR JAISINGHNAGAR SHAHDOL 484771 ', 3, 'A'),
('PES064', 'ABHEESHEK BATHI', 'M', '05/13/1999', 'abheeshekbathija@gmail.com', '9754896746', '00 PATTALAE CHAKALDI NASRULLAGANJ SEHORE 466446 ', 3, 'A'),
('PES065', 'ABHIJIT BANERJE', 'M', '07/01/1999', 'abhi.b75@gmail.com', '9754897220', '- DHAMORA DHAMORA CHHATARPUR CHHATARPUR 471001 ', 3, 'C'),
('PES066', 'Abhjith Komarla', 'M', '07/01/1996', 'abhi.komarla@gmail.com', '9754897220', '- DHAMORA DHAMORA CHHATARPUR CHHATARPUR 471001 ', 7, 'B'),
('PES067', 'ABHISHEK MUKHER', 'M', '02/04/1994', 'abhi.lex@gmail.com', '9754897370', '35 BARAKHERA BARAKHERA SHAHNAGAR PANNA 488448 ', 5, 'D'),
('PES068', 'abhi sonu', 'M', '05/05/1997', 'abhi.sonu24@gmail.com', '9754902029', '10 GOVT GIRL HS BHOOL ANJAD THIKRI BARWANI 451556 ', 7, 'A'),
('PES069', 'ABHISHEK KUMAR', 'M', '09/29/1998', 'abhi.srmcivil@gmail.com', '9754905862', '871 PALASIYA PALASIYA MANDSAUR MANDSAUR 458669 ', 3, 'D'),
('PES070', 'abhishek kumar', 'M', '10/08/1999', 'abhi.tyco@gmail.com', '9754908593', '00 GRAM RAVTHPATH RAVTHPATH KHACHROD UJJAIN 456224 ', 3, 'B'),
('PES071', 'Abraham Vimal K', 'M', '07/06/1998', 'abhi.vkumar@gmail.com', '9754910181', '333 RAMPURA RAMPURA RAJNAGAR CHHATARPUR 471105 ', 3, 'B'),
('PES072', 'abhishek yadav', 'M', '03/05/1998', 'abhi.ydv.09@gmail.com', '9754910928', 'GOPALPUR GOPALPUR KATANGI KATANGI BALAGHAT 481445 ', 3, 'D'),
('PES073', 'abhishek prakas', 'M', '03/01/1998', 'abhi_dd1687@yahoo.com', '9754911306', 'VILLAGE NAIABADI KUMARIYA DEWAS DEWAS DEWAS 455001 ', 3, 'A'),
('PES074', 'ABHISHEK MISHRA', 'M', '07/15/1999', 'abhi_hbti@yahoo.com', '9754911847', '00 GRAM JARUWA POA JARUWA JATARA TIKAMGARH 472118 ', 3, 'D'),
('PES075', 'ABHISHEK KEDIA', 'M', '07/15/2000', 'abhi_kedia2001@yahoo.com', '9754911847', '00 GRAM JARUWA POA JARUWA JATARA TIKAMGARH 472118 ', 3, 'C'),
('PES076', 'ABHILASHA SINHA', 'F', '06/20/1999', 'abhi_sony@rediffmail.com', '9754921017', '2 MAIN ROAD KHANDWA KHANDWA KHANDWA 450001 ', 1, 'D'),
('PES077', 'abhi raj', 'M', '10/02/1999', 'abhi00725@gmail.com', '9754921351', '00 DHULWADA SANAWAD BARWAHA KHARGONE 451111 ', 1, 'A'),
('PES078', 'Abhishek Saxena', 'M', '06/01/1999', 'abhi0141@gmail.com', '9754922747', '23 RAJPUT MOHLLA GORADIYA PUNASA KHANDWA 450110 ', 3, 'C'),
('PES079', 'ABHIJIT GHOSH', 'M', '07/20/1998', 'abhi1512@gmail.com', '9754922904', '26 MAGRANA MAGRANA SARANGPUR RAJGARH 465697 ', 3, 'D'),
('PES080', 'Abhishek Singh', 'M', '07/03/1998', 'abhi2421@yahoo.com', '9754925584', '0 VENKATNAGAR VENKATNAGAR JAITHARI ANUPPUR 484113 ', 5, 'A'),
('PES081', 'ABHISHEK SHARMA', 'M', '07/05/1999', 'abhi6512@yahoo.com', '9754926069', '69 MANHETI MANHETI ESAGARH ASHOKNAGAR 473335 ', 3, 'D'),
('PES082', 'Abhijit Talukda', 'M', '06/20/1999', 'abhi8527@gmail.com', '9754926212', '289 SARSWATI BHOOL GUNOUR GUNOUR PANNA 488059 ', 1, 'D'),
('PES083', 'Ankit Pandey', 'M', '11/10/1998', 'abhidixit0@gmail.com', '9754927663', '56 DHARNAWDA DHARNAWDA RAGHOGHAD GUNA 473110 ', 3, 'D'),
('PES084', 'abhilash poovar', 'M', '10/15/1999', 'abhielk@gmail.com', '9754932118', '#NAME?', 3, 'D'),
('PES085', 'abhishek mishra', 'M', '12/30/1999', 'abhigec.2008@rediffmail.com', '9754937542', '00 BHALAIKALA BHALAIKALA SONKATCH DEWAS 455115 ', 3, 'C'),
('PES086', 'abhishek gupta', 'M', '10/10/1997', 'abhigupta43@gmail.com', '9754937647', '00 BHILKHEDI BHILKHEDI SHUJALPUR SHAJAPUR 465333 ', 1, 'D'),
('PES087', 'abhishek bandop', 'M', '07/25/1999', 'abhijaya2002@gmail.com', '9754943613', '10 HODDIYA HODDIYA MAHESHWAR KHARGONE 451220 ', 1, 'D'),
('PES088', 'abhijeet anand', 'M', '12/05/1999', 'abhijeet.anand007@gmail.com', '9754943964', '16 MAHOLI VILLAGE MAHOLI BERASIYA BHOPAL 462101 ', 1, 'D'),
('PES089', 'KAMAL DAS', 'M', '05/10/1999', 'abhijeetphoto@gmail.com', '9754947109', '0 DELCHIKHURD MAHIDPUR MAHIDPUR UJJAIN 456440 ', 3, 'D'),
('PES090', 'ABHIJIT BANIK', 'M', '08/01/1998', 'abhijit.852003@gmail.com', '9754948303', '107 KARAMSARA MALANJKHAND BIRSA BALAGHAT 481116 ', 1, 'D'),
('PES091', 'ABHIJIT ANAND', 'M', '06/25/1999', 'ABHIJIT_ANAND22@YAHOO.COM', '9754949252', ', , BHATTYAN BUJURG KASRAWAD KHARGONE 451228 ', 3, 'D'),
('PES092', 'Abhijit Ray', 'M', '09/20/1999', 'abhijit_ray@rediffmail.com', '9754950298', '0 GOGAWAN GOGAWAN GOGAWAN KHARGONE 451335 ', 7, 'A'),
('PES093', 'abhijit basumal', 'M', '02/16/1999', 'abhijitbasumallick@yahoo.com', '9754954103', '140/09 HARIJAN COLONY PIPLODA SHAJAPUR SHAJAPUR 465001 ', 3, 'B'),
('PES094', 'ABHIJIT SUR', 'M', '01/18/1996', 'abhijitsur@yahoo.com', '9754954291', '505 IDGAHCLONY MANDLA MANDLA MANDLA 481661 ', 7, 'D'),
('PES095', 'ABHILASH SRIVAS', 'M', '09/15/1998', 'Abhilash.srivastav@yahoo.com', '7389648997', '01 AARI AARI BABAI HOSHANGABAD 461661 ', 3, 'D'),
('PES096', 'ABHILASH KR', 'M', '06/21/1998', 'abhilash_1delhi@rediffmail.com', '7389652192', '00 00 PIPLIYAJODHA JAORA RATLAM 457339 ', 3, 'D'),
('PES097', 'ABHILASHA SINGH', 'f', '04/11/1999', 'abhilasha_2708@yahoo.co.in', '7389654217', '01 VISHWNATH COLONY CHHATARPUR CHHATARPUR CHHATARPUR 471001 ', 3, 'D'),
('PES098', 'abhilash varghe', 'M', '06/15/1996', 'abhilashdv@gmail.com', '7389654722', '00 JAMUN PANI JAMUN PANI KESLI SAGAR 470226 ', 5, 'A'),
('PES099', 'Abhilash Nair', 'M', '04/25/2000', 'abhilashnair_212003@yahoo.co.in', '7389658821', '9 - ALKHAD PANSEMAL BARWANI 451770 ', 3, 'A'),
('PES100', 'Abhilash PM', 'M', '05/12/1999', 'abhilashpm2@gmail.com', '7389658869', '00 BANVAR BANVAR JABERA DAMOH 470664 ', 3, 'D'),
('PES101', 'ABHILASH MP', 'M', '01/05/1999', 'abhilashpremaraj@gmail.com', '7389659107', '- DHUM BAIRAD POHARI SHIVPURI 473793 ', 1, 'D'),
('PES102', 'ABHIMANYU SINGH', 'M', '07/17/1996', 'abhimanyu033@gmail.com', '7389663012', 'NA SONVARSHA CHHIBOURA RAMPUR BAGHELAN SATNA 485111 ', 7, 'B'),
('PES103', 'abhimanyu raj s', 'M', '05/02/1998', 'abhimanyurajsingh@gmail.com', '7389667072', '15 BIJANIPADA NARELA THANDLA JHABUA 457772 ', 5, 'A'),
('PES104', 'ABHINAV CHOURAS', 'M', '09/17/1998', 'abhinav.chourasia@rediffmail.com', '7389671632', 'BANKHEDI BANKHEDI BANKHEDI BANKHEDI HOSHANGABAD 461990 ', 3, 'D'),
('PES105', 'Abhinav Singh', 'M', '06/02/1999', 'abhinav.sit@gmail.com', '7389674371', '- MATGUWAN MATGUWAN BIJAWAR CHHATARPUR ', 3, 'D'),
('PES106', 'abhinav goyal', 'M', '05/09/1999', 'abhinav_goyal1512@rediffmail.com', '7389674508', '0 JAVI CHOUHARA SARWANIYA MAHARAJ JAWAD NEEMUCH 458220 ', 3, 'D'),
('PES107', 'ABHINAV JOHNSON', 'M', '03/11/1999', 'abhinav_johnson@yahoo.com', '7389674989', '00 MUNGAOLI MANPURA PICHHORE SHIVPURI 473670 ', 1, 'D'),
('PES108', 'Abhinav Dua', 'M', '05/05/1998', 'abhinavduaad@gmail.com', '7389675746', '000 000 BRAHAMANGAON ZIRAPUR RAJGARH 465693 ', 3, 'D'),
('PES109', 'abhinav girish', 'M', '07/15/1996', 'abhinavgirish@rediffmail.com', '7389675746', '000 000 BRAHAMANGAON ZIRAPUR RAJGARH 465693 ', 7, 'D'),
('PES110', 'AbhinavaKalayan', 'M', '01/05/1999', 'abhinavkalyanreddy@gmail.com', '7389678985', 'CHANDRANAGAR CHANDRANAGAR CHHATARPUR RAJNAGAR CHHATARPUR 471101 ', 1, 'B'),
('PES111', 'ABHINAV PARIHAR', 'M', '06/02/1999', 'abhinavparihar.iift@gmail.com', '7389683536', '00 JAT JAT JAWAD NEEMUCH 458468 ', 3, 'D'),
('PES112', 'ABHINAV SINGHVI', 'M', '11/10/1999', 'abhinavsinghvi@gmail.com', '7389683770', '21 RAIPUR RAIPUR HOSHANGABAD HOSHANGABAD ', 3, 'D'),
('PES113', 'Abhinav srivast', 'M', '07/15/1996', 'abhinavsri01@gmail.com', '7389684274', '0 GHTHEWARA CHHATARPUR CHHATARPUR CHHATARPUR 471001 ', 3, 'B'),
('PES114', 'Abhinay patel', 'M', '04/06/1996', 'abhinay.singh.nitw@gmail.com', '7389684552', 'GOVT HS PIPALKHEDA GRAM PIPALKHEDA GRAM PIPALKHEDA VIDISHA VIDISHA 464113 ', 7, 'D'),
('PES115', 'ABHINAY VARSH', 'M', '06/05/2000', 'abhinay_varsh@yahoo.com', '7389686133', '000 000 TIKARIYA DEORI SAGAR 470226 ', 3, 'D'),
('PES116', 'ABHINIT KISHORE', 'M', '04/25/1998', 'abhinit.mittal@gmail.com', '7389686729', '000 BEENA DEORI DEORI SAGAR 470226 ', 3, 'D'),
('PES117', 'ABHIRAMI G', 'F', '12/05/2000', 'abhiramisivashankar@gmail.com', '7389686806', '0 GIJWAR GIJWAR MAJHAULI SIDHI 486661 ', 3, 'D'),
('PES118', 'ABHIRAM NIRJOGI', 'M', '05/22/1997', 'abhiramnirjogi@gmail.com', '7389693183', '00 SAAIYA PURA LONGASARI KUKSHI DHAR 454331 ', 5, 'A'),
('PES119', 'ABHISEK AGRAWAL', 'M', '06/21/1999', 'abhisek.agrawal@gmail.com', '7389693349', 'NATERAN NATERAN NATERAN NATERAN VIDISHA ', 3, 'B'),
('PES120', 'Abhisek Bose', 'M', '07/20/1999', 'abhisek1.b@tcs.com', '7389694773', '207 ALAMPURA PALERA PALERA TIKAMGARH 472221 ', 3, 'D'),
('PES121', 'AVISEK MAJUMDAR', 'M', '06/05/1999', 'abhisekmazumder@ymail.com', '7389696440', '38 TALAPAHADI TALAPAHADI KHANIYADHANA SHIVPURI 473585 ', 3, 'D'),
('PES122', 'ABHISHEK DUBEY', 'M', '05/04/1998', 'abhishek.dubey@aircel.co.in', '7389696551', 'WARD NO 19 SENDHPA SENDHPA BADAMALHAR CHHATARPUR 471311 ', 3, 'B'),
('PES123', 'abhishek anand', 'M', '06/21/1999', 'abhishek.eowyn@gmail.com', '7389696608', '54 KEWAL PURA KEWAL PURA JAWAD NEEMUCH ', 3, 'D'),
('PES124', 'ABHISHEK .', 'M', '08/08/2000', 'abhishek.kr83@gmail.com', '7389697046', '100/B/S3 BH NO 78 VIJAY NAGAR INDORE INDORE INDORE 452010 ', 1, 'D'),
('PES125', 'ABHISHEK MISHRA', 'M', '05/05/2000', 'abhishek.m.10@gmail.com', '7389697506', '164 KASAR GONDWALI CHITRANGI SINGRAULI 486892 ', 3, 'D'),
('PES126', 'Abhishek .', 'M', '03/23/1998', 'abhishek.srm86@gmail.com', '7389697821', '1153 BUDDHU KACHHI KA BADA MANEGAON JABALPUR JABALPUR 482005 ', 3, 'A'),
('PES127', 'ABHISHEK VISHWA', 'M', '06/01/1998', 'abhishek.vishwanath@gmail.com', '7389699416', '115 SARAR DEEWANGANJ SANCHI RAISEN 464651 ', 3, 'B'),
('PES128', 'ABHISHEK MISHRA', 'M', '07/10/1997', 'abhishek_mishra10@rediffmail.com', '8085360892', '00 CHAK KAURDON BAMORI BAMORI GUNA 473001 ', 1, 'B'),
('PES129', 'Abhishek Garg', 'M', '05/03/1999', 'abhishek_nice007@yahoo.co.in', '8085361581', '- PUR NATHPUR NOWGONG CHHATARPUR 471501 ', 3, 'D'),
('PES130', 'abhishek ranjan', 'M', '03/04/1999', 'abhishek10019@gmail.com', '8085362015', '00 AAON AAON TIKAMGARH TIKAMGARH 472001 ', 3, 'D'),
('PES131', 'ABHISHEK SHARMA', 'M', '09/03/1999', 'abhishek14dbc@gmail.com', '8085363915', '0 SHIVPURI SHIVPURI SHIVPURI SHIVPURI ', 3, 'B'),
('PES132', 'Abhishek Kumar', 'M', '03/23/1998', 'abhishek3kumar@gmail.com', '8085364152', '484 VILLAGE PAHADGAON POA PAHADGAON CHHATARPUR CHHATARPUR 471315 ', 3, 'D'),
('PES133', 'Abhishek Roy', 'M', '06/05/1999', 'abhishek4.r@tcs.com', '8085364690', '69 CHIRAI CHIRAI KESLI SAGAR 470235 ', 3, 'D'),
('PES134', 'Abhishek Kapoor', 'M', '12/13/1996', 'abhishekapoor9@gmail.com', '8085367621', '0 0 0 KARERA SHIVPURI 473660 ', 3, 'D'),
('PES135', 'dayma kumar', 'M', '06/05/1999', 'abhishekdayma@in.com', '8085368958', '0 SATAI SATAI BIJWAR CHHATARPUR 471408 ', 3, 'C'),
('PES136', 'ABHISHEK DEEP', 'M', '06/05/1999', 'abhishekdeep@gmail.com', '8085369516', '5 CHITONI SHUJALPUR SHUJALPUR SHAJAPUR ', 3, 'C'),
('PES137', 'abhishek goyal', 'M', '05/08/1998', 'abhishekgoyal2006@yahoo.co.in', '8085372308', '145 PIIPLODA BADA PIIPLODA BADA MEGHNAGAR JHABUA 457779 ', 3, 'A'),
('PES138', 'ABHISHEK KUMAR', 'M', '11/15/1996', 'abhishekkumar.tiwari@rediffmail.com', '8085376184', '123 TEKAPAR SILWANI SILWANI RAISEN 464886 ', 3, 'D'),
('PES139', 'ABHISHEK KUMAR', 'M', '01/26/1999', 'abhishekkumar2323@gmail.com', '8085376683', '222 JEEN JEEN BETUL BETUL 460001 ', 3, 'B'),
('PES140', 'abhishek pandey', 'M', '04/08/1998', 'abhishekpandey84@gmail.com', '8085377950', '00 KUKDACHIMAN SHIKARPUR MOHKHED CHHINDWARA 480001 ', 3, 'D'),
('PES141', 'ABHISHEK SRIVAS', 'M', '02/10/2000', 'abhisheks11@rediffmail.com', '8085379728', '0 - BHANWARASI MAHIDPUR UJJAIN 456443 ', 3, 'D'),
('PES142', 'Abhishek Titus', 'M', '06/07/1998', 'abhishektitus@gmail.com', '8085379996', '0 KARBLA CHOWK CHHINDWARA CHHINDWARA CHHINDWARA 480001 ', 7, 'D'),
('PES143', 'ABHISHEK TRIPAT', 'M', '07/15/1998', 'abhishektripathi56@gmail.com', '8085380825', '51 AT NEELKANTHIKLA TEH CHAND CHOURAI CHHINDWARA 480107 ', 3, 'D'),
('PES144', 'ABHIJIT BHISHIK', 'M', '12/03/1998', 'abhishikar@yahoo.com', '8085383771', 'DUNDI PATAN JABALPUR 483113 ', 3, 'B'),
('PES145', 'Abhishek Dwived', 'M', '10/21/1995', 'abhishk_01@rediffmail.com', '8085385836', '0 0 ABER RAMPUR BAGHELAN SATNA 485226 ', 3, 'D'),
('PES146', 'ABHISHEK GUPTA', 'M', '11/10/2001', 'abhisocool87@gmail.com', '8085387372', '00 00 BHELAKI RAMPURNAIKIN SIDHI 486771 ', 3, 'C'),
('PES147', 'abhitabh choube', 'M', '12/18/1998', 'abhitabhchoubey@gmail.com', '8085387481', '0 0 LODHI ANUPPUR ANUPPUR 484334 ', 3, 'A'),
('PES148', 'ABHYUDAY A ANAN', 'M', '04/25/2000', 'abhyudayanand@gmail.com', '8085388292', 'NIL NIL BUXWAHA BUXWAHA CHHATARPUR 471318 ', 3, 'D'),
('PES149', 'SYED SHAHENSHAH', 'M', '08/05/1999', 'abidibhel@yahoo.co.in', '8085390316', '69 DAWARPURA KHANDALAI KUKSHI DHAR 454331 ', 1, 'A'),
('PES150', 'Abijar Bhori', 'M', '08/14/1998', 'abijarbhori@rediffmail.com', '8085390707', '0 KHAMTRA KHAMTRA SHAHANAGAR PANNA 488448 ', 3, 'A'),
('PES151', 'baby abin', 'M', '03/10/1998', 'abinbaby@in.com', '8085390891', '. BORDIYA BORDYA KHACHROD UJJAIN 456224 ', 3, 'D'),
('PES152', 'Aravind Sundar', 'M', '01/03/1999', 'abindh@gmail.com', '8085391057', '- - SANGVI NEEM RAJPUR BARWANI 451449 ', 1, 'A'),
('PES153', 'ABIRAMAN ARIYA', 'M', '07/04/2000', 'abiramanar@yahoo.co.in', '8085391308', '000 BAGHAUN SHIPURAVA SIDHI SIDHI 486771 ', 3, 'B'),
('PES154', 'narasimhan vupu', 'M', '07/02/1998', 'abishek_violin@hotmail.com', '8085392002', '123 NAUDHIYA JIYAWAN DEOSAR SINGRAULI 486881 ', 3, 'B'),
('PES155', 'VAMSI MOOPIDEVI', 'M', '07/05/2000', 'aboutvamsi@yahoo.com', '8085392508', '00 00 ACHARRA JATARA TIKAMGARH 472101 ', 3, 'C'),
('PES156', 'Abrar Yasin', 'M', '06/07/1998', 'abrar_0011@rediffmail.com', '8085395397', '27 ALAMPUR ALAMPUR LAHAR BHIND 477449 ', 1, 'D'),
('PES157', 'KUWAR ABHISHEK', 'M', '04/12/1999', 'absmau@yahoo.co.in', '8085396149', '00 GHODA CHOPATI DHAR DHAR DHAR 454001 ', 3, 'A'),
('PES158', 'ABU OBAIDAH', 'M', '08/16/1999', 'abu252002@yahoo.co.in', '8085398100', '00 00 DALKA KHARGONE KHARGONE 451001 ', 1, 'D'),
('PES159', 'ABUZAR SHAH MOH', 'M', '01/13/1999', 'abuzar_azmi@yahoo.com', '8819972464', '00 JUMERATI HOSHANGABAD HOSHANGABAD HOSHANGABAD 461001 ', 3, 'B'),
('PES160', 'anusheel chandr', 'M', '08/15/1999', 'AC4YOU.100@GMAIL.COM', '8819973791', 'NA NA KULPURA UNCHEHRA SATNA 485661 ', 3, 'D'),
('PES161', 'NETI KUMAR', 'M', '10/05/2000', 'acct@andhrabank.co.in', '8819974096', '00 SUHAULA SUHAULA MAIHAR SATNA 485773 ', 3, 'C'),
('PES162', 'Sreedhar A', 'M', '07/05/1998', 'acdhara@gmail.com', '8819981281', 'AGARPURA MAKSUDANGARH MAKSUDANGARH RAGHOGARH GUNA 473287 ', 3, 'D'),
('PES163', 'achal pradhan', 'M', '01/05/1997', 'achalpr@gmail.com', '8819983097', '0 0 DUPADA M BARODIYA SHAJAPUR 465001 ', 5, 'D'),
('PES164', 'ANKIREDDYPALLI', 'M', '01/06/2000', 'achandramohanreddy@gmail.com', '8819984439', 'NIL NIL BUXWAHA BUXWAHA CHHATARPUR 471318 ', 3, 'C'),
('PES165', 'venkata ranga r', 'M', '06/08/1998', 'acharyuluncvrr@yahoo.co.in', '8819987686', '184 BAIHATOLA KOTMA KOTMA ANUPPUR 484440 ', 1, 'A'),
('PES166', 'srm srm', 'M', '10/31/1998', 'achu.kalome@gmail.com', '8819988150', 'H.NO 00 TAMBOLI MOHALLA KUKRESHWAR MANASA NEEMUCH 458116 ', 3, 'D'),
('PES167', 'Achu Krishna', 'F', '07/15/1998', 'achuneha123@gmail.com', '8819988357', '85 KEMAR PAGARA AMARPATAN SATNA 485115 ', 3, 'B'),
('PES168', 'Retnam NK', 'F', '07/17/1999', 'acjrajesh@gmail.com', '8819989622', '294 SINGPUR SINGPUR BARGHAT SEONI 480667 ', 3, 'D'),
('PES169', 'GANESH MISHRA', 'M', '09/20/1999', 'aclmsg@yahoo.com', '8819989675', '0 NEHRU COLONY SEHORE SEHORE SEHORE 466001 ', 3, 'D'),
('PES170', 'ARINDAM CHAKRAB', 'M', '03/08/1995', 'acnitjsr@gmail.com', '8819992024', '1 RAMTAURIYA GHUWARA BADAMALEHRA CHHATARPUR 471313 ', 7, 'D'),
('PES171', 'RAGGHUNATH ETHI', 'M', '05/10/1999', 'acp_raghu@yahoo.co.in', '8819992336', '00 IKLOD VIJAYPUR VIJAYPUR SHEOPUR 476332 ', 1, 'C'),
('PES172', 'premender puroh', 'M', '01/10/1999', 'actprem@yahoo.co.in', '8819992467', '- - LODHAKHEDI VIDISHA VIDISHA 464226 ', 1, 'C'),
('PES173', 'ankit jaiswal', 'M', '09/20/1999', 'ad_mast009@yahoo.com', '8819994285', '243 MAIN ROAD KHALWA KHALWA KHANDWA 450117 ', 3, 'A'),
('PES174', 'Adam Malik', 'M', '01/15/2000', 'adam.malik@hotmail.com', '8819994285', '01 M.G.ROAD KHALWA KHALWA KHANDWA 450117 ', 3, 'D'),
('PES175', 'Anupama Adapa', 'F', '10/11/1997', 'adapa.anupama@gmail.com', '8819999782', '451 PURANI SADAR SAGAR SAGAR SAGAR 470001 ', 3, 'D'),
('PES176', 'kiran adapa', 'M', '04/05/1997', 'adapa512@gmail.com', '8820088568', '46 WN MUNGAOLI MUNGAOLI ASHOKNAGAR ', 3, 'D'),
('PES177', 'RAVI KUMAR ADAP', 'M', '01/19/1999', 'adapaka@gmail.com', '8821004096', 'BHAGAT SINGH WARD SEONI SEONI 480661 ', 7, 'D'),
('PES178', 'vamsi adarsh', 'M', '04/06/2000', 'adarsh.vamsi@gmail.com', '8821011591', '00 SIRSONA MANPURA PICHHORE SHIVPURI 473670 ', 1, 'D'),
('PES179', 'ADARSH PANDEY', 'M', '07/06/2000', 'adarshpand@gmail.com', '8821013093', 'BOYS H S BHOOL BOYS H S BHOOL BASODA BASODA VIDISHA 464221 ', 1, 'D'),
('PES180', 'adarsh s', 'M', '07/30/2000', 'adarshs004@gmail.com', '8821013428', '0 SIDHI SIDHI SIDHI SIDHI 486661 ', 3, 'C'),
('PES181', 'ADARSH SEN', 'M', '06/03/2000', 'adarshsen@gmail.com', '8821014067', '00 BARJHAR BARJHAR BHABRA ALIRAJPUR 457882 ', 1, 'A'),
('PES182', 'ADARSH SRIVASTA', 'M', '07/14/1998', 'adarshsonu@gmail.com', '8821014394', '32 LIDHORA LIDHORA JATARA TIKAMGARH 472331 ', 3, 'B'),
('PES183', 'PAVANI RAJ', 'F', '09/10/1998', 'addepalli.pavani@gmail.com', '8821014399', '0 JATARA JATARA JATARA TIKAMGARH 472118 ', 3, 'C'),
('PES184', 'MADAN CHEEMAKUR', 'M', '07/18/1999', 'addressmadan@gmail.com', '8821015496', '96 CHOUKA CHOUKA KESLI SAGAR 470235 ', 3, 'D'),
('PES185', 'SHIBU ADHIKARI', 'M', '08/07/1998', 'adhikari_mec@yahoo.co.in', '8821018955', '8 SETEWANI SETEWANI KURAI SEONI 480880 ', 3, 'A'),
('PES186', 'ADITYA SINGH', 'M', '06/15/2001', 'ADISINGH6@GMAIL.COM', '8821020474', '00 SISODIYA COLONY GUNA GUNA GUNA 473001 ', 1, 'C'),
('PES187', 'Aditi Gupta', 'F', '07/14/1998', 'aditigupta@usa.com', '8821020479', '0 0 SARSAI BHANDER DATIA 475335 ', 3, 'D'),
('PES188', 'PAVANAMURALI AD', 'M', '07/18/1999', 'ADITYA.BPM@mahindranavistar.com', '8821021221', '11 PATULAKHI PATULAKHI MAUGANJ REWA 486331 ', 3, 'D'),
('PES189', 'ADITYA GIRIRAJ', 'M', '01/07/1994', 'aditya.giriraj@hotmail.com', '8821022870', '00 NAYAGAON NAYAGAON MAIHAR SATNA 485773 ', 7, 'A'),
('PES190', 'Sankaraditya Ra', 'M', '04/06/2000', 'aditya.sankarrsk@gmail.com', '8821023813', '00 SINGHPUR BADA SHINGHPUR BADA NARSINGHPUR NARSINGHPUR 487110 ', 3, 'D'),
('PES191', 'Aditya Srivasta', 'M', '05/03/1999', 'aditya.sr@gmail.com', '8821024658', '00 KINDRAHO KINDRAHO PATHARIA DAMOH 470666 ', 3, 'D'),
('PES192', 'ADITYA SACHDEV', 'M', '12/26/1996', 'aditya_friend89@yahoo.co.in', '9144289144', '00 00 CHEETAKHEDA NEEMUCH NEEMUCH 458441 ', 3, 'D'),
('PES193', 'ADITYA PADHY', 'M', '08/09/1995', 'aditya_padhy@yahoo.co.in', '9144290511', '00 00 SIROLIYA DEWAS DEWAS 455001 ', 5, 'D'),
('PES194', 'aditya Deshmukh', 'M', '04/07/2000', 'adityadeshmukh12@yahoo.com', '9144303827', '. . SABALGARH SABALGARH MORENA 476229 ', 1, 'B'),
('PES195', 'ADITYA KUMAR', 'M', '06/14/1997', 'adityakumarmech@yahoo.co.in', '9144322274', '136 KOTMA SHAHDOL SOHAGPUR SHAHDOL 484001 ', 3, 'D'),
('PES196', 'aditya saggar', 'M', '08/08/1999', 'adityasaggar1@yahoo.co.in', '9144331064', 'GOVT EXE HS BHOOL GANJ BASODA GANJ BASODA BASODA VIDISHA 464221 ', 3, 'C'),
('PES197', 'BALIJEPALLI ADI', 'M', '04/07/2000', 'adityasastryb@gmail.com', '9144336063', 'TUNDILA MORENA MORENA 476001 ', 1, 'D'),
('PES198', 'aditya sharma', 'M', '10/18/1999', 'adityasharma_333@yahoo.com', '9144354013', '0 VILL CHANDON BANKHEDI HOSHANGABAD 461990 ', 3, 'D'),
('PES199', 'naresh goyal', 'M', '07/13/1998', 'admin@ramaply.com', '9144356973', '0 BAMHANT BAMHANT SEONI SEONI 480661 ', 3, 'D'),
('PES200', 'ADNAN DIWAN', 'M', '10/18/1999', 'adnand1@hotmail.com', '9144359240', '65 RANTHBHANWAR RANTHBHANWAR SHAJAPUR SHAJAPUR 465001 ', 3, 'D'),
('PES201', 'ADNAN SHAMSI', 'M', '06/13/2000', 'adnanshamsie@gmail.com', '9144420487', '00 BARWANI BARWANI BARWANI BARWANI 451551 ', 3, 'A'),
('PES202', 'adnan siddiqui', 'M', '02/07/1999', 'adnansid_2007@rediffmail.com', '9144459943', '- - KACHHIYANA AJAYGARH PANNA 488220 ', 3, 'D'),
('PES203', 'sourabh jain', 'M', '08/23/1999', 'adorablegolu@gmail.com', '9144464601', '00 BANSAGAR BANSAGAR BEOHARI SHAHDOL 484776 ', 3, 'D'),
('PES204', 'SOMASUNDARAM ME', 'M', '12/25/1998', 'advaitham@gmail.com', '9144517136', '00 CHIKMANGLOOR CHOURAHA PIPRAI MUNGAOLI ASHOKNAGAR 473440 ', 3, 'D'),
('PES205', 'adveta dwivedi', 'F', '02/10/1998', 'adveta.dwivedi@gmail.com', '9144518655', '0 UMARI UMARI REWA REWA 486001 ', 3, 'B'),
('PES206', 'KULDEEP SHARMA', 'M', '04/01/1999', 'advocatekuldeep@rediffmail.com', '9144528302', '56 GOURJHAMAR GOURJHAMAR DEORI SAGAR 470223 ', 3, 'D'),
('PES207', 'Shobhan M P', 'M', '07/03/1999', 'advshobhan@gmail.com', '9144528339', '85 GOURJHAMAR DEORI DEORI SAGAR 470223 ', 3, 'D'),
('PES208', 'Mohammed hassan', 'M', '09/04/1995', 'aels@rediffmail.com', '9144532366', '52 HIRAPUR NALCHHA MHOW INDORE 453661 ', 3, 'A'),
('PES209', 'KUSHAL BHANDARI', 'M', '11/20/1997', 'aeo1@rediffmail.com', '9144536604', 'C/O GOVT GIRLS HIGHER SECONDARY BHOOL SUKRI MANGELA BARGI JABALPUR JABALPUR 482051 ', 3, 'D'),
('PES210', 'NADARAJA PILLAI', 'M', '07/12/1999', 'aeropillai@gmail.com', '9144561413', '00 BAKTARA BAKTARA BUDHNI SEHORE 466448 ', 3, 'D'),
('PES211', 'SAI SATISH', 'M', '06/02/1999', 'affablesai@yahoo.co.in', '9144562810', '0 0 GRAM MADNESHVAR TEH BHAGWANPURA DIA KHARGON 451441 ', 3, 'A'),
('PES212', 'ABUL FATHAH SHA', 'M', '04/10/1999', 'afshaik4@gmail.com', '9144571204', '0 CHINTAHARAN MOHLLA KARAHAL KARAHAL SHEOPUR 476355 ', 1, 'D'),
('PES213', 'afzal karim', 'M', '05/01/1998', 'afzalkarim@gmail.com', '9144640928', '. . SUMOLI JOURA MORENA ', 1, 'C'),
('PES214', 'Dinesh Agarwal', 'M', '06/18/2000', 'agadinesh@gmail.com', '9144661759', '0 0 KOTAR RAMPUR BAGHELAN SATNA 485226 ', 3, 'D'),
('PES215', 'ARUN PRASAD GAN', 'M', '04/12/2000', 'aganapathy@csc.com', '9144664693', 'HIGONA KA PURA MORNEA MOREMA MOREMA 476001 ', 1, 'D'),
('PES216', 'Ankur Agarwal', 'M', '04/07/2001', 'agar.ankur@gmail.com', '9144664693', '0 NITEHARA MORENA MORENA MORENA 476001 ', 1, 'D'),
('PES217', 'chetan agarwal', 'M', '04/12/2000', 'agarwal.c@gmail.com', '9144671760', 'GALETHA GALETHA GALETHA JOURA MORENA ', 1, 'D'),
('PES218', 'SHIVANG AGARWAL', 'M', '04/01/1997', 'agarwal.shivang@gmail.com', '9144687688', '308 RUPSING FALIYA JUNABILWA BHAGWANPURA BHAGWANPURA 451441 ', 1, 'A'),
('PES219', 'harsit agarwal', 'M', '02/04/1999', 'agarwalharsit@gmail.com', '9144688789', '00 TINDARI TINDARI TIKAMGARH TIKAMGARH 472001 ', 3, 'D'),
('PES220', 'RAGHAVENDRA RAG', 'M', '08/04/1997', 'agasthiraghu@gmail.com', '9144700376', '00 00 BEERADEI HANUMANA REWA 486335 ', 3, 'A'),
('PES221', 'SUBAS AGASTI', 'M', '03/01/1998', 'agastisubas@yahoo.com', '9144705509', '35 BERKHEDA BERKHEDA LAHAR BHIND 477449 ', 1, 'D'),
('PES222', 'Vishal Aggarwal', 'M', '07/09/1993', 'aggvishal@gmail.com', '9144705570', '163 BARKAFALIYA DHULKOT BHAGWANPURA BHAGWANPURA 451441 ', 1, 'A'),
('PES223', 'saurabh agrawal', 'M', '01/15/1998', 'agrawal.saurabh@wipro.com', '9144718998', '00 00 SEHORE SEHORE SEHORE 466001 ', 1, 'A'),
('PES224', 'ankit agrawal', 'M', '12/20/1998', 'agrawal_ankit123@yahoo.com', '9575750642', '52 WARD NO 02 DHENKO MANDLA MANDLA 481771 ', 3, 'B'),
('PES225', 'RUCHIR AGRAWAL', 'M', '09/05/1998', 'agrawal_ruchir@yahoo.com', '9575750976', '0 TARADAND TARADAND JAITHARI ANUPPUR 484224 ', 1, 'D'),
('PES226', 'PRASHANT AGRAWA', 'M', '07/06/1999', 'agrawalprashant_bhu@yahoo.com', '9575751256', '35 0 KUDANA SANWER INDORE 453551 ', 1, 'D'),
('PES227', 'REETESH KUMAR R', 'M', '07/24/1998', 'agreet12@gmail.com', '9575751791', '147 PUNARWAS KHALWA KHALWA KHANDWA 450117 ', 3, 'D'),
('PES228', 'Ajay Gupta', 'M', '09/04/1999', 'aguptaiipm@gmail.com', '9575752463', '- KHAJRANA INDORE INDORE INDORE ', 1, 'D'),
('PES229', 'ANANTA HAZRA', 'M', '08/01/1997', 'ahazra75@rediffmail.com', '9575752869', '54 SIRALI SIRALI KHIRKIYA HARDA 461331 ', 3, 'D'),
('PES230', 'ahila chellappa', 'F', '06/23/1999', 'ahila3@gmail.com', '9575753582', 'GORDHANIYA GORDHANIYA GORDHANIYA KALAPIPAL SHAJAPUR 465335 ', 3, 'D'),
('PES231', 'ARBAZ AHMAD', 'M', '08/15/2000', 'ahmad.arbaz@gmail.com', '9575753918', '0 DAHI DAHI DAHI DHAR 454365 ', 3, 'C'),
('PES232', 'EKHLAQUE AHMAD', 'M', '01/29/1998', 'ahmad.ekhlaque@gmail.com', '9575754649', 'GOVT.G.H.S.S. SHUJALPUR MANDI SHUJALPUR SHUJALPUR SHAJAPUR 465333 ', 3, 'B'),
('PES233', 'FARID AHMAD', 'M', '06/25/1997', 'ahmadfarid2@rediffmail.com', '9575756054', '10 BABLAI BABLAI MAHESHWAR KHARGONE 451221 ', 1, 'D'),
('PES234', 'WAJID BAIG', 'M', '02/01/1997', 'ahmed_baig_w@yahoo.com', '9575757107', '41 SULYA FALYA VASVI NIWALI BARWANI 451666 ', 7, 'A'),
('PES235', 'Ahmed Shahbash', 'M', '05/25/1998', 'ahmedcet@gmail.com', '9575757107', '200 RAVJI ALYA KOLKI SENDHWA BARWANI 451666 ', 3, 'A'),
('PES236', 'Irfan Ahmed', 'M', '07/07/1998', 'ahmedirfan71@gmail.com', '9575757107', '89 BANIHAR BANIHAR SENDHWA BARWANI 451666 ', 3, 'D'),
('PES237', 'Maswood Ahmed A', 'M', '02/01/2000', 'ahmedmaswood@yahoo.com', '9575757107', '49 CHAFRIYA FALYA BHULWANIYA SENDHWA BARWANI 451666 ', 7, 'A'),
('PES238', 'AIMAN AFANDI', 'M', '10/29/1998', 'aiman123in2001@yahoo.com', '9575757583', '00 FEFRI SARKAR JAMNI GURJAR KHALWA DIA KHANDWA 450117 ', 3, 'B'),
('PES239', 'induchoodan MEN', 'M', '10/10/1998', 'aimenon1956@yahoo.co.in', '9575758950', 'WARD NO MADANTALA MADANTALA SHAHGARH SAGAR 470339 ', 3, 'D'),
('PES240', 'rashid farhan', 'M', '09/02/1999', 'airsweep1@rediffmail.com', '9575759209', '33 PUNJAPURAP PUNJAPURA BAGLI DEWAS 455227 ', 1, 'D'),
('PES241', 'akhil shukala', 'M', '11/02/1999', 'aishukla@rediffmail.com', '9575760709', '000 000 GADHI MEHGAON BHIND 477557 ', 1, 'C'),
('PES242', 'AISHWARIYA JAYA', 'f', '02/07/2000', 'aishwariya.cit@gmail.com', '9575762846', '5687 GARHAKOTA GARHAKOTA REHLI SAGAR 470229 ', 3, 'D'),
('PES243', 'PRASHANTH AITHA', 'M', '04/01/2000', 'aithal2004@yahoo.co.in', '9575765493', 'KHAPARKHEDA KHAPERKHEDA KHAPERKHEDA BURHANPUR BURHANPUR 450445 ', 3, 'D'),
('PES244', 'ANDREW LUIZ', 'M', '11/16/1999', 'ajacluiz@yahoo.co.in', '9575765610', 'WARD NO KOHKADIBAR KOHAKADIBAR BALAGHAT BALAGHAT 481001 ', 3, 'D'),
('PES245', 'ARJARAPU JAYAPR', 'M', '02/11/1997', 'ajaipn@gmail.com', '9575765781', '00 GHOGHRI RAIYATWADI UMRETH PARASIA CHHINDWARA 480442 ', 3, 'A'),
('PES246', 'Ajay Acharya', 'M', '06/05/1999', 'ajay.acharya16@gmail.com', '9575766645', '00 LODH LODH MANDSAUR MANDSAUR 458895 ', 3, 'D'),
('PES247', 'AJAY RAJPUT', 'M', '01/13/1998', 'ajay.rajput1975@gmail.com', '9575767145', '00 BALAHEDI BAJKHEDI SITAMAU MANDSAUR 458558 ', 3, 'C'),
('PES248', 'Ajay Sharma', 'M', '06/15/1998', 'ajay.sharma1974@yahoo.co.in', '9575767295', '0 0 RICHHABACHHA MANDSAUR MANDSAUR ', 3, 'C'),
('PES249', 'ajay sawanth', 'M', '08/20/1999', 'ajay.sv@tcs.com', '9575769482', '0 0 BHATKHEDA PIPLODA RATLAM 457340 ', 3, 'D'),
('PES250', 'Ajay Kumar', 'M', '03/13/1998', 'ajay_6094@live.in', '9575769807', 'CHOURAKHEDA CHOURAKHEDA CHOURAKHEDA NARSINGHPUR NARSINGHPUR 487001 ', 3, 'D'),
('PES251', 'ajay gahile', 'M', '01/03/1999', 'ajay_gahile@rediffmail.com', '9575770080', '02 BARJHAI BARJHAI BAGLI DEWAS 455227 ', 3, 'A'),
('PES252', 'Ajay Pandey', 'M', '08/09/1997', 'ajay_pandey93@yahoo.com', '9575770092', '0 MANDLA MANDLA MANDLA MANDLA 481661 ', 3, 'D'),
('PES253', 'ajay tiwari', 'M', '11/15/1999', 'ajay_perfect@rediffmail.com', '9575771431', '30 DHAROLA ALOTE ALOTE RATLAM 457114 ', 3, 'C'),
('PES254', 'AJAYKUMAR SINGH', 'M', '10/05/1996', 'ajay_singhraj@rediffmail.com', '9575774271', '- HADDI MILE GUNA GUNA GUNA 473001 ', 7, 'B'),
('PES255', 'Ajay kumar', 'M', '12/03/1998', 'ajay_verma5572@yahoo.co.in', '9752909508', '00 00 VIDISHA VIDISHA VIDISHA 464001 ', 3, 'B'),
('PES256', 'AJAY MALIK', 'M', '07/09/1999', 'ajay19_malik@yahoo.co.in', '9752909512', '0 SINGHANA SINGHANA MANAWAR DHAR 454446 ', 3, 'D'),
('PES257', 'SWATIRATNA PALL', 'M', '07/05/1997', 'ajay4522@gmail.com', '9752909750', '00 KHAPA KHAPA SOHAGPUR HOSHANGABAD 461771 ', 3, 'A'),
('PES258', 'AJAY PRATAP SIN', 'M', '12/13/1997', 'ajay8879@gmail.com', '9752910373', '69 KESLI KESLI KESLI SAGAR 470235 ', 3, 'A'),
('PES259', 'AJAYA MISHRA', 'M', '10/02/1996', 'ajaya.leo@gmail.com', '9752910373', '36 KEOLARI KEOLARI KESLI SAGAR 470235 ', 3, 'B'),
('PES260', 'Ajay Maurya', 'M', '01/02/1996', 'ajaycaindia@rediffmail.com', '9752910373', '56 KEOLARI KEOLARI KESLI SAGAR 470235 ', 3, 'D'),
('PES261', 'AJAY RAO', 'M', '10/21/1996', 'ajaygrao@gmail.com', '9752911120', '344 RAJENDRA NAGAR PATHAKHERA GHORADONGRI BETUL 460449 ', 7, 'D'),
('PES262', 'kadiyam kumar', 'M', '08/10/2000', 'ajaykadiyam@gmail.com', '9752912410', 'NILL NILL DELCHI TARANA UJJAIN 456668 ', 3, 'B'),
('PES263', 'ajay kashyap', 'M', '08/20/1999', 'ajaykashyap2009@hotmail.com', '9752912474', '0 VILLAGE CHAPANER TEH KHACHROD KHACHROD UJJAIN 456224 ', 3, 'C'),
('PES264', 'AJAY TOMAR', 'M', '04/07/2000', 'ajaykumar.tomar@yahoo.com', '9752912732', 'RAM MANDIR MARG KHATEGAON KHATEGAON DEWAS 455336 ', 3, 'D'),
('PES265', 'Ajay Tiwari', 'M', '08/01/2000', 'ajaykumartiwari@hotmail.com', '9752913960', '26 RAGHUNATHPUR POA RAGHUNATHPUR RAMPUR NAIKIN SIDHI 486776 ', 3, 'C'),
('PES266', 'AJAY BHARADWAJ', 'M', '02/01/2000', 'ajaym_b@yahoo.co.in', '9752913973', '01 KUNDALIKALA KUNDALIKALAN PARASIA CHHINDWARA 480001 ', 1, 'D'),
('PES267', 'AJAY MAURYA', 'M', '11/12/1998', 'ajaymaurya23@gmail.com', '9752914024', '79 ERA ERA SITAMAU MANDSAUR 458558 ', 5, 'C'),
('PES268', 'ajay Prakash', 'M', '09/22/1999', 'ajayprakash06@gmail.com', '9752914024', '79 ERA ERA SITAMAU MANDSAUR 458558 ', 3, 'C'),
('PES269', 'MRITYUNJAY KUMA', 'M', '12/22/1999', 'ajaysingh2010us@gmail.com', '9752914336', '00 00 HATAI KHACHROD UJJAIN ', 1, 'D'),
('PES270', 'yo yos', 'M', '10/02/1996', 'ajaytech2@gmail.com', '9752915122', 'WARD NO 00 AT MURRI POA MOUDA KIRNAPUR BALAGHAT 481115 ', 3, 'D'),
('PES271', 'ajay kapoor Kap', 'M', '10/11/1996', 'ajayujjwala@yahoo.co.in', '9752915832', 'VILLAGE PONDI KALA POA KHAJURI TAL AMARPATAN SATNA 485775 ', 3, 'C'),
('PES272', 'AJAY VIRADIYA', 'M', '07/24/1997', 'ajayviradiya@yahoo.com', '9752916207', '0 0 BHATANWARA UNCHEHARA SATNA 485001 ', 5, 'C'),
('PES273', 'ajay singh', 'M', '08/15/1999', 'ajayxox@gmail.com', '9752916355', 'GORDHANIYA GORDHANIYA GORDHANIYA KALAPIPAL SHAJAPUR 465335 ', 3, 'D'),
('PES274', 'Ajeet Yadav', 'M', '01/08/2000', 'ajeet.yadav2008@gmail.com', '9752916426', '0 0 SAHIJANA UBARI UNCHEHARA SATNA 485001 ', 3, 'D'),
('PES275', 'ajeet Prajapati', 'M', '09/10/1999', 'ajeet_man01@yahoo.co.in', '9752916641', '0 TALA TALA MAJHAULI SIDHI 486661 ', 3, 'D'),
('PES276', 'ajeeth marlecha', 'M', '', 'ajeethmarlecha@gmail.com', '9752916675', '00 BEOHARI BEOHARI BEOHARI SHAHDOL 484774 ', 3, 'D'),
('PES277', 'Ajit Abhipallav', 'M', '04/05/2000', 'ajiabh@gmail.com', '9752917992', 'NA SIRSWAHA BADGADI PANNA PANNA 488001 ', 3, 'B'),
('PES278', 'AJIR LAL', 'M', '04/06/2000', 'ajirlal@yahoo.com', '9752918569', '00 KOLVI KOLVI SITAMAU MANDSAUR 458558 ', 3, 'D'),
('PES279', 'Ajit Kumar Das', 'M', '06/15/1999', 'ajit.das@icicibank.com', '9752919448', '00 BAKHED BAKHED RAJGARH RAJGARH 465687 ', 3, 'D'),
('PES280', 'AJIT SINGH', 'M', '10/01/1999', 'ajit_ajitsingh78@yahoo.co.in', '9752920397', '0 0 BIHRA RAMPUR BAGHELAN SATNA 486445 ', 3, 'B'),
('PES281', 'ajith venkatesw', 'M', '02/18/1999', 'ajith_fifa@yahoo.co.in', '9752920664', '- - LODHAPURWA AJAYGARH PANNA 488001 ', 3, 'B'),
('PES282', 'Ajithlal K T', 'M', '05/13/1999', 'ajith007inus@gmail.com', '9752921510', 'GRAM BAKANER POA BAKANER TEH MANAWAR UMARBAN DHAR 454446 ', 1, 'A'),
('PES283', 'ajith kumar', 'M', '03/24/1998', 'ajith3007@gmail.com', '9752921571', '00 KHADAPURA BHATYARI KUKSHI DHAR 454331 ', 1, 'A'),
('PES284', 'ajith ravikumar', 'M', '12/25/1998', 'ajithravikumar@gmail.com', '9752923571', '0 AMILIYA AMILIYA SIHAWAL SIDHI 486670 ', 3, 'C'),
('PES285', 'ajit jha', 'M', '06/10/1998', 'ajitjha.mbabit@gmail.com', '9752924323', '- - OJHAD SONDWA ALIRAJPUR ', 3, 'A'),
('PES286', 'AJIT KUMAR', 'M', '02/15/2000', 'ajitkumar_kk@rediffmail.com', '9752924477', '- HEERAPUR AJAYGARH AJAYGARH PANNA 488220 ', 3, 'D'),
('PES287', 'Ajit Kumar', 'M', '10/24/1998', 'ajitpatratu1@yahoo.com', '9926625446', '37 KALAPIPAL KALAPIPAL KALAPIPAL SHAJAPUR ', 5, 'D'),
('PES288', 'ajay kumar', 'M', '09/02/1999', 'ajji.30@gmail.com', '9926627370', '10 DHANWARA DHANWARA BADWARA KATNI 483773 ', 3, 'A'),
('PES289', 'AKHILESH SHUKLA', 'M', '05/16/1997', 'ak.shukla2005@gmail.com', '9926627370', '10 DHANWARA DHANWARA BADWARA KATNI 483773 ', 3, 'A'),
('PES290', 'gowri ak', 'F', '01/14/1999', 'ak_gowri@yahoo.co.in', '9926629550', '- MANORAMA GANJ INDORE INDORE INDORE ', 1, 'D'),
('PES291', 'Anil Kumar', 'M', '11/13/1999', 'ak_singhmar@yahoo.co.in', '9926630642', 'GRAM POA GOVT BOYS H S BHOOL PETLAWAD PETLAWAD JHABUA 457773 ', 1, 'C'),
('PES292', 'Amit Kumar Chhi', 'M', '08/01/1998', 'ak068782@gmail.com', '9926632736', 'JAWAR JAWAR JAWAR ASHTA SEHORE ', 1, 'B'),
('PES293', 'Akanksha Kejari', 'F', '03/19/1999', 'akanksha.kejariwal@gmail.com', '9926634514', '0736 VILLAGE NAKSHI KIRNPAUR BALAGHAT 481115 ', 3, 'B'),
('PES294', 'KARTHIK A', 'M', '10/25/2000', 'akarthik.mca@gmail.com', '9926635674', '420 DHUNDHARKA DHUNDHARKA MANDSAUR MANDSAUR 458667 ', 3, 'B'),
('PES295', 'akash sarkar', 'M', '02/01/1994', 'akash.hellsangel@gmail.com', '9926635912', '0 BICHIYA BICHIYA SARDARPUR DHAR 454111 ', 7, 'A'),
('PES296', 'akash jaiswal', 'M', '05/13/1998', 'akash.jaiswal09@gmail.com', '9926636538', '01 KANJA SHAJAPUR SHAJAPUR SHAJAPUR 465001 ', 3, 'C'),
('PES297', 'Akash Roy', 'M', '04/13/2000', 'akashchandraroy@gmail.com', '9926638470', '0 PONDI PONDI BICHHIYA MANDLA 481768 ', 3, 'D'),
('PES298', 'Akbar Basha', 'M', '05/13/2000', 'akbarbasha.md@gmail.com', '9926638574', '09 BERASIA BERASIA BERASIA BHOPAL 463106 ', 5, 'B'),
('PES299', 'Murugan Bala', 'M', '05/05/1998', 'akbmurugan@yahoo.com', '9926638720', 'NA JAURA JAURA JOURA MORENA ', 5, 'D'),
('PES300', 'a k', 'M', '05/11/1998', 'akc99@hotmail.com', '9926638909', '00 PIPALDA PIPALDA KANNOD DEWAS 455332 ', 3, 'D');

-- --------------------------------------------------------

--
-- Table structure for table `student_course_attendance`
--

CREATE TABLE `student_course_attendance` (
  `SRN` varchar(12) NOT NULL,
  `Course_ID` varchar(6) NOT NULL,
  `Date` varchar(10) NOT NULL,
  `Status` char(1) NOT NULL
) ENGINE=InnoDB DEFAULT CHARSET=latin1;

-- --------------------------------------------------------

--
-- Table structure for table `student_course_registration`
--

CREATE TABLE `student_course_registration` (
  `SRN` varchar(12) NOT NULL,
  `Course_ID` varchar(6) NOT NULL
) ENGINE=InnoDB DEFAULT CHARSET=latin1;

--
-- Dumping data for table `student_course_registration`
--

INSERT INTO `student_course_registration` (`SRN`, `Course_ID`) VALUES
('PES001', 'CID018'),
('PES002', 'CID027'),
('PES003', 'CID026'),
('PES004', 'CID040'),
('PES005', 'CID014'),
('PES006', 'CID042'),
('PES007', 'CID014'),
('PES008', 'CID033'),
('PES009', 'CID028'),
('PES010', 'CID009'),
('PES011', 'CID020'),
('PES012', 'CID005'),
('PES013', 'CID016'),
('PES014', 'CID023'),
('PES015', 'CID007'),
('PES016', 'CID023'),
('PES017', 'CID008'),
('PES018', 'CID022'),
('PES019', 'CID027'),
('PES020', 'CID044'),
('PES021', 'CID003'),
('PES022', 'CID017'),
('PES023', 'CID042'),
('PES024', 'CID009'),
('PES025', 'CID017'),
('PES026', 'CID026'),
('PES027', 'CID023'),
('PES028', 'CID018'),
('PES029', 'CID032'),
('PES030', 'CID037'),
('PES031', 'CID037'),
('PES032', 'CID020'),
('PES033', 'CID038'),
('PES034', 'CID027'),
('PES035', 'CID013'),
('PES036', 'CID003'),
('PES037', 'CID048'),
('PES038', 'CID046'),
('PES039', 'CID016'),
('PES040', 'CID007'),
('PES041', 'CID041'),
('PES042', 'CID044'),
('PES043', 'CID048'),
('PES044', 'CID043'),
('PES045', 'CID014'),
('PES046', 'CID014'),
('PES047', 'CID046'),
('PES048', 'CID036'),
('PES049', 'CID022'),
('PES050', 'CID047'),
('PES051', 'CID044'),
('PES052', 'CID021'),
('PES053', 'CID031'),
('PES054', 'CID031'),
('PES055', 'CID004'),
('PES056', 'CID002'),
('PES057', 'CID035'),
('PES058', 'CID045'),
('PES059', 'CID047'),
('PES060', 'CID015'),
('PES061', 'CID005'),
('PES062', 'CID029'),
('PES063', 'CID027'),
('PES064', 'CID030'),
('PES065', 'CID034'),
('PES066', 'CID002'),
('PES067', 'CID045'),
('PES068', 'CID021'),
('PES069', 'CID040'),
('PES070', 'CID008'),
('PES071', 'CID025'),
('PES072', 'CID037'),
('PES073', 'CID019'),
('PES074', 'CID025'),
('PES075', 'CID007'),
('PES076', 'CID016'),
('PES077', 'CID003'),
('PES078', 'CID018'),
('PES079', 'CID003'),
('PES080', 'CID004'),
('PES081', 'CID045'),
('PES082', 'CID022'),
('PES083', 'CID001'),
('PES084', 'CID007'),
('PES085', 'CID010'),
('PES086', 'CID033'),
('PES087', 'CID011'),
('PES088', 'CID047'),
('PES089', 'CID041'),
('PES090', 'CID005'),
('PES091', 'CID009'),
('PES092', 'CID010'),
('PES093', 'CID019'),
('PES094', 'CID003'),
('PES095', 'CID019'),
('PES096', 'CID036'),
('PES097', 'CID049'),
('PES098', 'CID045'),
('PES099', 'CID044'),
('PES100', 'CID014'),
('PES101', 'CID039'),
('PES102', 'CID029'),
('PES103', 'CID024'),
('PES104', 'CID035'),
('PES105', 'CID018'),
('PES106', 'CID025'),
('PES107', 'CID001'),
('PES108', 'CID033'),
('PES109', 'CID002'),
('PES110', 'CID023'),
('PES111', 'CID031'),
('PES112', 'CID022'),
('PES113', 'CID044'),
('PES114', 'CID026'),
('PES115', 'CID012'),
('PES116', 'CID042'),
('PES117', 'CID040'),
('PES118', 'CID030'),
('PES119', 'CID019'),
('PES120', 'CID024'),
('PES121', 'CID045'),
('PES122', 'CID017'),
('PES123', 'CID004'),
('PES124', 'CID006'),
('PES125', 'CID042'),
('PES126', 'CID014'),
('PES127', 'CID048'),
('PES128', 'CID007'),
('PES129', 'CID001'),
('PES130', 'CID030'),
('PES131', 'CID012'),
('PES132', 'CID032'),
('PES133', 'CID034'),
('PES134', 'CID047'),
('PES135', 'CID037'),
('PES136', 'CID005'),
('PES137', 'CID016'),
('PES138', 'CID029'),
('PES139', 'CID017'),
('PES140', 'CID038'),
('PES141', 'CID033'),
('PES142', 'CID019'),
('PES143', 'CID011'),
('PES144', 'CID021'),
('PES145', 'CID039'),
('PES146', 'CID024'),
('PES147', 'CID035'),
('PES148', 'CID043'),
('PES149', 'CID049'),
('PES150', 'CID041'),
('PES151', 'CID012'),
('PES152', 'CID027'),
('PES153', 'CID002'),
('PES154', 'CID045'),
('PES155', 'CID029'),
('PES156', 'CID015'),
('PES157', 'CID036'),
('PES158', 'CID043'),
('PES159', 'CID034'),
('PES160', 'CID007'),
('PES161', 'CID024'),
('PES162', 'CID010'),
('PES163', 'CID038'),
('PES164', 'CID002'),
('PES165', 'CID004'),
('PES166', 'CID029'),
('PES167', 'CID049'),
('PES168', 'CID031'),
('PES169', 'CID012'),
('PES170', 'CID023'),
('PES171', 'CID001'),
('PES172', 'CID005'),
('PES173', 'CID041'),
('PES174', 'CID034'),
('PES175', 'CID016'),
('PES176', 'CID039'),
('PES177', 'CID017'),
('PES178', 'CID036'),
('PES179', 'CID020'),
('PES180', 'CID009'),
('PES181', 'CID030'),
('PES182', 'CID046'),
('PES183', 'CID013'),
('PES184', 'CID025'),
('PES185', 'CID032'),
('PES186', 'CID006'),
('PES187', 'CID046'),
('PES188', 'CID044'),
('PES189', 'CID028'),
('PES190', 'CID006'),
('PES191', 'CID043'),
('PES192', 'CID020'),
('PES193', 'CID029'),
('PES194', 'CID012'),
('PES195', 'CID040'),
('PES196', 'CID002'),
('PES197', 'CID026'),
('PES198', 'CID048'),
('PES199', 'CID033'),
('PES200', 'CID013'),
('PES201', 'CID038'),
('PES202', 'CID005'),
('PES203', 'CID006'),
('PES204', 'CID031'),
('PES205', 'CID035'),
('PES206', 'CID027'),
('PES207', 'CID036'),
('PES208', 'CID026'),
('PES209', 'CID016'),
('PES210', 'CID021'),
('PES211', 'CID006'),
('PES212', 'CID049'),
('PES213', 'CID020'),
('PES214', 'CID013'),
('PES215', 'CID041'),
('PES216', 'CID006'),
('PES217', 'CID049'),
('PES218', 'CID036'),
('PES219', 'CID004'),
('PES220', 'CID005'),
('PES221', 'CID033'),
('PES222', 'CID019'),
('PES223', 'CID049'),
('PES224', 'CID002'),
('PES225', 'CID043'),
('PES226', 'CID037'),
('PES227', 'CID011'),
('PES228', 'CID042'),
('PES229', 'CID018'),
('PES230', 'CID026'),
('PES231', 'CID012'),
('PES232', 'CID041'),
('PES233', 'CID013'),
('PES234', 'CID032'),
('PES235', 'CID031'),
('PES236', 'CID017'),
('PES237', 'CID008'),
('PES238', 'CID006'),
('PES239', 'CID030'),
('PES240', 'CID035'),
('PES241', 'CID011'),
('PES242', 'CID001'),
('PES243', 'CID023'),
('PES244', 'CID028'),
('PES245', 'CID032'),
('PES246', 'CID039'),
('PES247', 'CID010'),
('PES248', 'CID013'),
('PES249', 'CID035'),
('PES250', 'CID034'),
('PES251', 'CID030'),
('PES252', 'CID015'),
('PES253', 'CID008'),
('PES254', 'CID015'),
('PES255', 'CID021'),
('PES256', 'CID042'),
('PES257', 'CID018'),
('PES258', 'CID001'),
('PES259', 'CID009'),
('PES260', 'CID022'),
('PES261', 'CID004'),
('PES262', 'CID046'),
('PES263', 'CID011'),
('PES264', 'CID048'),
('PES265', 'CID038'),
('PES266', 'CID010'),
('PES267', 'CID024'),
('PES268', 'CID009'),
('PES269', 'CID039'),
('PES270', 'CID028'),
('PES271', 'CID007'),
('PES272', 'CID020'),
('PES273', 'CID011'),
('PES274', 'CID046'),
('PES275', 'CID028'),
('PES276', 'CID043'),
('PES277', 'CID032'),
('PES278', 'CID024'),
('PES279', 'CID004'),
('PES280', 'CID048'),
('PES281', 'CID008'),
('PES282', 'CID003'),
('PES283', 'CID010'),
('PES284', 'CID015'),
('PES285', 'CID028'),
('PES286', 'CID034'),
('PES287', 'CID038'),
('PES288', 'CID001'),
('PES289', 'CID047'),
('PES290', 'CID025'),
('PES291', 'CID040'),
('PES292', 'CID025'),
('PES293', 'CID047'),
('PES294', 'CID039'),
('PES295', 'CID022'),
('PES296', 'CID008'),
('PES297', 'CID015'),
('PES298', 'CID003'),
('PES299', 'CID021'),
('PES300', 'CID040');

--
-- Indexes for dumped tables
--

--
-- Indexes for table `assignments`
--
ALTER TABLE `assignments`
  ADD PRIMARY KEY (`Course_ID`,`Assignment_No`);

--
-- Indexes for table `course`
--
ALTER TABLE `course`
  ADD PRIMARY KEY (`Course_ID`);

--
-- Indexes for table `course_schedule`
--
ALTER TABLE `course_schedule`
  ADD PRIMARY KEY (`Course_ID`,`Room_No`,`Day_Of_Week`,`Start_Time`,`End_Time`);

--
-- Indexes for table `department`
--
ALTER TABLE `department`
  ADD PRIMARY KEY (`Department_ID`);

--
-- Indexes for table `faculty`
--
ALTER TABLE `faculty`
  ADD PRIMARY KEY (`Faculty_ID`);

--
-- Indexes for table `login`
--
ALTER TABLE `login`
  ADD PRIMARY KEY (`User_ID`);

--
-- Indexes for table `quiz`
--
ALTER TABLE `quiz`
  ADD PRIMARY KEY (`Course_ID`,`Quiz_Number`);

--
-- Indexes for table `results`
--
ALTER TABLE `results`
  ADD PRIMARY KEY (`SRN`,`Course_Code`);

--
-- Indexes for table `student`
--
ALTER TABLE `student`
  ADD PRIMARY KEY (`SRN`);

--
-- Indexes for table `student_course_attendance`
--
ALTER TABLE `student_course_attendance`
  ADD PRIMARY KEY (`SRN`,`Course_ID`);

--
-- Indexes for table `student_course_registration`
--
ALTER TABLE `student_course_registration`
  ADD PRIMARY KEY (`SRN`,`Course_ID`);

/*!40101 SET CHARACTER_SET_CLIENT=@OLD_CHARACTER_SET_CLIENT */;
/*!40101 SET CHARACTER_SET_RESULTS=@OLD_CHARACTER_SET_RESULTS */;
/*!40101 SET COLLATION_CONNECTION=@OLD_COLLATION_CONNECTION */;
